text,rating,l1_intent,l1_confidence,l2_impact,l2_confidence,sentiment,summary,raw_response,sentiment_label,sentiment_simple
not so smooth app,3,Other,0.6,Engagement,0.5,neutral,neutral Other review,fallback_classification,neutral,neutral
"classic 650 twin cylinder awesome bike, once you ride u love it. no vibration smooth ride.",5,Other,0.6,Engagement,0.5,positive,positive Other review,fallback_classification,very_positive,positive
it's good,5,Other,0.6,Engagement,0.5,positive,positive Other review,fallback_classification,very_positive,positive
delivery too late. please deliver the bike quickly,1,Customer_Support,0.6,Brand Trust,0.5,negative,negative Customer_Support review,fallback_classification,very_negative,negative
Bike not available in Shoroom,2,Other,0.6,Engagement,0.5,negative,negative Other review,fallback_classification,negative,negative
"Dreadful, not enough time to get the code.",1,Other,0.6,Engagement,0.5,negative,negative Other review,fallback_classification,very_negative,negative
Frequently disconnects,1,Other,0.6,Engagement,0.5,negative,negative Other review,fallback_classification,very_negative,negative
Third class app! I'm never able to book service through ur app. it just keeps buffering. Being such ,1,Performance,0.6,User Retention,0.5,negative,negative Performance review,fallback_classification,very_negative,negative
Worst aap,1,Other,0.6,Engagement,0.5,negative,negative Other review,fallback_classification,very_negative,negative
it is good & great exprince.,5,Other,0.6,Engagement,0.5,positive,positive Other review,fallback_classification,very_positive,positive
this app is good,4,Other,0.6,Engagement,0.5,positive,positive Other review,fallback_classification,positive,positive
very nice,5,Other,0.6,Engagement,0.5,positive,positive Other review,fallback_classification,very_positive,positive
Booking service option is not working in app..plz rectify it as early as possible..,2,Bugs,0.6,User Retention,0.5,negative,negative Bugs review,fallback_classification,negative,negative
if we ask for roadside assistance they say what MACCHANIC will come and check they themselves custom,1,Billing,0.6,Revenue,0.5,negative,negative Billing review,fallback_classification,very_negative,negative
unauthorised changing of the slot time by showroom people. no use of app when service centres can ch,1,Security,0.6,Brand Trust,0.5,negative,negative Security review,fallback_classification,very_negative,negative
frequently getting logged out from app and shows you are in another region interface is very slow 🐌,1,Performance,0.6,User Retention,0.5,negative,negative Performance review,fallback_classification,very_negative,negative
"can,t use it won't connect to my tripper on my 350 meteor just says Royal Enfield app not responding",1,Customer_Support,0.6,Brand Trust,0.5,negative,negative Customer_Support review,fallback_classification,very_negative,negative
One of the worst app ever used. It always fails to fetch the latest firmware details. My tripper das,1,Bugs,0.6,User Retention,0.5,negative,negative Bugs review,fallback_classification,very_negative,negative
"worst experience, very slow processing and loading to book service appointment.",1,Performance,0.6,User Retention,0.5,negative,negative Performance review,fallback_classification,very_negative,negative
the worst app ever,1,Other,0.6,Engagement,0.5,negative,negative Other review,fallback_classification,very_negative,negative
Giving it a 3 star review because the thing I use the most causes my phone to heat up a lot. I use m,3,UI/UX,0.6,Engagement,0.5,neutral,neutral UI/UX review,fallback_classification,neutral,neutral
Much improvement is required,1,UI/UX,0.6,Engagement,0.5,negative,negative UI/UX review,fallback_classification,very_negative,negative
very poor response,1,Customer_Support,0.6,Brand Trust,0.5,negative,negative Customer_Support review,fallback_classification,very_negative,negative
"Please, please, PLEASE, update the app to increase the OTP time. 30 seconds is just not long enough.",4,Security,0.6,Brand Trust,0.5,positive,positive Security review,fallback_classification,positive,positive
need to add more features,4,Features,0.6,Engagement,0.5,positive,positive Features review,fallback_classification,positive,positive
wrost,1,Other,0.6,Engagement,0.5,negative,negative Other review,fallback_classification,very_negative,negative
"Random connection issues. Other than that, it's great.",4,Bugs,0.6,User Retention,0.5,positive,positive Bugs review,fallback_classification,positive,positive
nice 👍👍,5,Other,0.6,Engagement,0.5,positive,positive Other review,fallback_classification,very_positive,positive
Overall amazing 🤩,5,Other,0.6,Engagement,0.5,positive,positive Other review,fallback_classification,very_positive,positive
customer care service number not working,1,Bugs,0.6,User Retention,0.5,negative,negative Bugs review,fallback_classification,very_negative,negative
poor unable to book service through app,1,Customer_Support,0.6,Brand Trust,0.5,negative,negative Customer_Support review,fallback_classification,very_negative,negative
Its been 13 months and still Cannot schedule the service. It is not working at all. Always shows err,1,Bugs,0.6,User Retention,0.5,negative,negative Bugs review,fallback_classification,very_negative,negative
nice app,5,Other,0.6,Engagement,0.5,positive,positive Other review,fallback_classification,very_positive,positive
Really amazing Byke,5,Other,0.6,Engagement,0.5,positive,positive Other review,fallback_classification,very_positive,positive
"Quick question to App Owners and Developers, When can we expect the March Update rolling out ? In wh",3,Performance,0.6,User Retention,0.5,neutral,neutral Performance review,fallback_classification,neutral,neutral
super,5,Other,0.6,Engagement,0.5,positive,positive Other review,fallback_classification,very_positive,positive
pending last service update,1,Customer_Support,0.6,Brand Trust,0.5,negative,negative Customer_Support review,fallback_classification,very_negative,negative
Good app,5,Other,0.6,Engagement,0.5,positive,positive Other review,fallback_classification,very_positive,positive
normally good,3,Other,0.6,Engagement,0.5,neutral,neutral Other review,fallback_classification,neutral,neutral
yee s,5,Other,0.6,Engagement,0.5,positive,positive Other review,fallback_classification,very_positive,positive
"this app doesn't work properly while connecting to the bike tripper, exits in the middle of the time",1,Bugs,0.6,User Retention,0.5,negative,negative Bugs review,fallback_classification,very_negative,negative
"The navigation is accurate and super helpful during long rides, and I love being able to track my se",5,Customer_Support,0.6,Brand Trust,0.5,positive,positive Customer_Support review,fallback_classification,very_positive,positive
I've been using the RE app for almost a year on my Himalayan 450. I use this on a daily basis. Where,3,Security,0.6,Brand Trust,0.5,neutral,neutral Security review,fallback_classification,neutral,neutral
very good,5,Other,0.6,Engagement,0.5,positive,positive Other review,fallback_classification,very_positive,positive
not accurate in terms of navigation . this app also lags but overall performance is good,3,Performance,0.6,User Retention,0.5,neutral,neutral Performance review,fallback_classification,neutral,neutral
i have a hard time using the app.,3,Other,0.6,Engagement,0.5,neutral,neutral Other review,fallback_classification,neutral,neutral
in my xiaomi 12 pro it getting stuck. very bad update. there is a difficulty in booking service also,1,Performance,0.6,User Retention,0.5,negative,negative Performance review,fallback_classification,very_negative,negative
not good,1,Other,0.6,Engagement,0.5,negative,negative Other review,fallback_classification,very_negative,negative
Royal Enfield super,5,Other,0.6,Engagement,0.5,positive,positive Other review,fallback_classification,very_positive,positive
one star because of worst service center (aryaveer faridabad) experience and worst apparel shopping ,1,Performance,0.6,User Retention,0.5,negative,negative Performance review,fallback_classification,very_negative,negative
This app is annoyingly slow. Trying book service through app but keeps loading without result even a,1,Performance,0.6,User Retention,0.5,negative,negative Performance review,fallback_classification,very_negative,negative
unable to book service. the App keeps crashing.,1,Performance,0.6,User Retention,0.5,negative,negative Performance review,fallback_classification,very_negative,negative
App can be faster,5,Other,0.6,Engagement,0.5,positive,positive Other review,fallback_classification,very_positive,positive
thank you,5,Other,0.6,Engagement,0.5,positive,positive Other review,fallback_classification,very_positive,positive
Checking this app for assistance is waste of time. Not able to add pickup and drop details even afte,1,Features,0.6,Engagement,0.5,negative,negative Features review,fallback_classification,very_negative,negative
Need more enhancement,3,Features,0.6,Engagement,0.5,neutral,neutral Features review,fallback_classification,neutral,neutral
when I cannot be used to book service or check any information..Whats the point of creating this app,1,Performance,0.6,User Retention,0.5,negative,negative Performance review,fallback_classification,very_negative,negative
It's a real up and down struggle with this app. I've got both a Shotgun with a tripper and a 450 Him,2,Customer_Support,0.6,Brand Trust,0.5,negative,negative Customer_Support review,fallback_classification,negative,negative
The worst app doesn't work at all,1,Bugs,0.6,User Retention,0.5,negative,negative Bugs review,fallback_classification,very_negative,negative
NAVIGATION DOESN'T WORK WITH PHONE SCREEN LOCKED Previously on meter 350 tripper pod navigation was ,1,Bugs,0.6,User Retention,0.5,negative,negative Bugs review,fallback_classification,very_negative,negative
very nice supporting,5,Customer_Support,0.6,Brand Trust,0.5,positive,positive Customer_Support review,fallback_classification,very_positive,positive
"it's it's just okay , reminders were also okay but if you give service, it not updates right after s",2,Customer_Support,0.6,Brand Trust,0.5,negative,negative Customer_Support review,fallback_classification,negative,negative
good 😊💯,5,Other,0.6,Engagement,0.5,positive,positive Other review,fallback_classification,very_positive,positive
good 👍,5,Other,0.6,Engagement,0.5,positive,positive Other review,fallback_classification,very_positive,positive
app work ni kar raha thik se,5,Other,0.6,Engagement,0.5,positive,positive Other review,fallback_classification,very_positive,positive
"there is navigation bug with tripper pod, I use this app with meteor 350 supernova, but it's not acc",2,Performance,0.6,User Retention,0.5,negative,negative Performance review,fallback_classification,negative,negative
One of the best experience👌👌👌 My Dream Bike,5,Other,0.6,Engagement,0.5,positive,positive Other review,fallback_classification,very_positive,positive
konja speed ahh iruntha nalla irukum,5,Performance,0.6,User Retention,0.5,positive,positive Performance review,fallback_classification,very_positive,positive
This App was not working properly. I tried booking RSA 1st It worked but when I tried to book the RA,1,Bugs,0.6,User Retention,0.5,negative,negative Bugs review,fallback_classification,very_negative,negative
good app..little slow but manageable..,5,Performance,0.6,User Retention,0.5,positive,positive Performance review,fallback_classification,very_positive,positive
Navigation casting problem,1,Bugs,0.6,User Retention,0.5,negative,negative Bugs review,fallback_classification,very_negative,negative
"often disconnected from the app, and reconnected again, although there's no issue of the network dat",2,Security,0.6,Brand Trust,0.5,negative,negative Security review,fallback_classification,negative,negative
Best Buddy for my Best Buddy#Hunter 350,5,Other,0.6,Engagement,0.5,positive,positive Other review,fallback_classification,very_positive,positive
"I don't know why RE gave option to book service when it will always stuck ni loading, please fix thi",1,Performance,0.6,User Retention,0.5,negative,negative Performance review,fallback_classification,very_negative,negative
very nice Almora Kumaon motor showroom and very nice owner ji,5,Customer_Support,0.6,Brand Trust,0.5,positive,positive Customer_Support review,fallback_classification,very_positive,positive
waste app for half an hour I'm trying to to book the service still it's loading.,1,Performance,0.6,User Retention,0.5,negative,negative Performance review,fallback_classification,very_negative,negative
ghnta,1,Other,0.6,Engagement,0.5,negative,negative Other review,fallback_classification,very_negative,negative
best bike,5,Other,0.6,Engagement,0.5,positive,positive Other review,fallback_classification,very_positive,positive
nothing works,1,Other,0.6,Engagement,0.5,negative,negative Other review,fallback_classification,very_negative,negative
good 👍,3,Other,0.6,Engagement,0.5,neutral,neutral Other review,fallback_classification,neutral,neutral
This motorbike looking beautifull,4,UI/UX,0.6,Engagement,0.5,positive,positive UI/UX review,fallback_classification,positive,positive
ok very good 👍,5,Other,0.6,Engagement,0.5,positive,positive Other review,fallback_classification,very_positive,positive
Battery consumption is very high,1,Performance,0.6,User Retention,0.5,negative,negative Performance review,fallback_classification,very_negative,negative
"kudos to the RE team for being on it, and fixing issues with the app. in the recent updates, the con",3,Bugs,0.6,User Retention,0.5,neutral,neutral Bugs review,fallback_classification,neutral,neutral
dealership/showroom's refused to provide the bike i demanded without buying their extended warranty.,1,Billing,0.6,Revenue,0.5,negative,negative Billing review,fallback_classification,very_negative,negative
riders ke liye best hai,5,Other,0.6,Engagement,0.5,positive,positive Other review,fallback_classification,very_positive,positive
the worst app i ever used. Not able to book service. Option for booking the service is not even afte,1,Customer_Support,0.6,Brand Trust,0.5,negative,negative Customer_Support review,fallback_classification,very_negative,negative
map disconnect when internet off and bike off..,1,Features,0.6,Engagement,0.5,negative,negative Features review,fallback_classification,very_negative,negative
navigation not work properly,4,UI/UX,0.6,Engagement,0.5,positive,positive UI/UX review,fallback_classification,positive,positive
Nice ☺️☺️ my dream bullet,5,Other,0.6,Engagement,0.5,positive,positive Other review,fallback_classification,very_positive,positive
Typical Indian Mind set......Why did you create a fake app when you didn't need to update bike order,1,Customer_Support,0.6,Brand Trust,0.5,negative,negative Customer_Support review,fallback_classification,very_negative,negative
"the book service option after being clicked, never opens and the icons keeps playing for infinity wi",1,Customer_Support,0.6,Brand Trust,0.5,negative,negative Customer_Support review,fallback_classification,very_negative,negative
I’m sharing my e feedback after using the Tripper Pod with the Royal Enfield mobile app (Android) wh,3,Billing,0.6,Revenue,0.5,neutral,neutral Billing review,fallback_classification,neutral,neutral
Not able to book service slot as that page is not loading properly.,1,Performance,0.6,User Retention,0.5,negative,negative Performance review,fallback_classification,very_negative,negative
too slow to respond,1,Performance,0.6,User Retention,0.5,negative,negative Performance review,fallback_classification,very_negative,negative
"Design péssimo, parece que foi feito por um dev backend. A sincronização precisa ser feita algumas v",2,UI/UX,0.6,Engagement,0.5,negative,negative UI/UX review,fallback_classification,negative,negative
Nice app...working smooth,5,Other,0.6,Engagement,0.5,positive,positive Other review,fallback_classification,very_positive,positive
need some improvement,4,Features,0.6,Engagement,0.5,positive,positive Features review,fallback_classification,positive,positive
not proper work,1,Other,0.6,Engagement,0.5,negative,negative Other review,fallback_classification,very_negative,negative
hopeless.,1,Other,0.6,Engagement,0.5,negative,negative Other review,fallback_classification,very_negative,negative
style safety comfortable,4,Other,0.6,Engagement,0.5,positive,positive Other review,fallback_classification,positive,positive
good nice job,5,Other,0.6,Engagement,0.5,positive,positive Other review,fallback_classification,very_positive,positive
informative,5,Other,0.6,Engagement,0.5,positive,positive Other review,fallback_classification,very_positive,positive
good 😊,5,Other,0.6,Engagement,0.5,positive,positive Other review,fallback_classification,very_positive,positive
worst customer care service I never seen before like this irresponsible company,1,Customer_Support,0.6,Brand Trust,0.5,negative,negative Customer_Support review,fallback_classification,very_negative,negative
extra ordinary and excellent,5,Other,0.6,Engagement,0.5,positive,positive Other review,fallback_classification,very_positive,positive
After updating the app its not working completely stuck. I am unable to book the service...,1,Performance,0.6,User Retention,0.5,negative,negative Performance review,fallback_classification,very_negative,negative
unable to book service from the app. tapping on book a service just gets the loading screen and noth,1,Performance,0.6,User Retention,0.5,negative,negative Performance review,fallback_classification,very_negative,negative
most love ❤️❤️,5,Other,0.6,Engagement,0.5,positive,positive Other review,fallback_classification,very_positive,positive
fantastic,5,Other,0.6,Engagement,0.5,positive,positive Other review,fallback_classification,very_positive,positive
technical specs should also be mentioned,3,Other,0.6,Engagement,0.5,neutral,neutral Other review,fallback_classification,neutral,neutral
very baad service,1,Customer_Support,0.6,Brand Trust,0.5,negative,negative Customer_Support review,fallback_classification,very_negative,negative
bad service,1,Customer_Support,0.6,Brand Trust,0.5,negative,negative Customer_Support review,fallback_classification,very_negative,negative
excellant,5,Other,0.6,Engagement,0.5,positive,positive Other review,fallback_classification,very_positive,positive
nice good application 👍,5,Other,0.6,Engagement,0.5,positive,positive Other review,fallback_classification,very_positive,positive
super 👍🏼 app,5,Other,0.6,Engagement,0.5,positive,positive Other review,fallback_classification,very_positive,positive
The Following are my suggestions : I think that FI Technology increases the concern of Mid-journey B,4,Performance,0.6,User Retention,0.5,positive,positive Performance review,fallback_classification,positive,positive
not working properly lagging the worst app from last three days try to book a service but till now a,1,Performance,0.6,User Retention,0.5,negative,negative Performance review,fallback_classification,very_negative,negative
very good 😊,5,Other,0.6,Engagement,0.5,positive,positive Other review,fallback_classification,very_positive,positive
App is terrible. Won't remember paired device so has to re-pair every time I start the bike. It woul,1,Other,0.6,Engagement,0.5,negative,negative Other review,fallback_classification,very_negative,negative
I would like to see improvements in the synchronization feature with Google Maps for my saved addres,5,Features,0.6,Engagement,0.5,positive,positive Features review,fallback_classification,very_positive,positive
please do not purchase royal Enfield's bikes Because the waiting is not so much that the bike will a,1,Billing,0.6,Revenue,0.5,negative,negative Billing review,fallback_classification,very_negative,negative
super 👍👍👍,5,Other,0.6,Engagement,0.5,positive,positive Other review,fallback_classification,very_positive,positive
services and product is good,5,Customer_Support,0.6,Brand Trust,0.5,positive,positive Customer_Support review,fallback_classification,very_positive,positive
The 3D view feature should improve..,5,Features,0.6,Engagement,0.5,positive,positive Features review,fallback_classification,very_positive,positive
"the app is not a good one, needs the screen to be on forever, drains battery crazy fast. and heats a",1,Performance,0.6,User Retention,0.5,negative,negative Performance review,fallback_classification,very_negative,negative
worst app i have ever seen the functions are not good enough. it laged while i am surfing through it,1,Performance,0.6,User Retention,0.5,negative,negative Performance review,fallback_classification,very_negative,negative
service menu is not opening,5,Performance,0.6,User Retention,0.5,positive,positive Performance review,fallback_classification,very_positive,positive
Disappointing Experience with Royal Enfield I'm extremely disappointed with Royal Enfield's service.,1,Bugs,0.6,User Retention,0.5,negative,negative Bugs review,fallback_classification,very_negative,negative
spellbound,5,Other,0.6,Engagement,0.5,positive,positive Other review,fallback_classification,very_positive,positive
a I am very happy,5,Other,0.6,Engagement,0.5,positive,positive Other review,fallback_classification,very_positive,positive
my mto Bike booking another person sel out and service related message my number but I have not purc,1,Billing,0.6,Revenue,0.5,negative,negative Billing review,fallback_classification,very_negative,negative
"app is working correctly. no issues. if app stops working after updating, check app permissions.",5,Bugs,0.6,User Retention,0.5,positive,positive Bugs review,fallback_classification,very_positive,positive
once I connected this app My phone gets heated quickly. & battery drain fastly 'One small feature re,1,Performance,0.6,User Retention,0.5,negative,negative Performance review,fallback_classification,very_negative,negative
"doesn't auto reconnect, regular sign in and enter code ! honda connect connects instantly. not sure ",3,Bugs,0.6,User Retention,0.5,neutral,neutral Bugs review,fallback_classification,neutral,neutral
awesome service amazing dealing,5,Customer_Support,0.6,Brand Trust,0.5,positive,positive Customer_Support review,fallback_classification,very_positive,positive
"I wanted to share feedback about the Royal Enfield app. While configuring my bike, the app keeps get",1,Billing,0.6,Revenue,0.5,negative,negative Billing review,fallback_classification,very_negative,negative
very povwar,2,Other,0.6,Engagement,0.5,negative,negative Other review,fallback_classification,negative,negative
excellent 👌👍,5,Other,0.6,Engagement,0.5,positive,positive Other review,fallback_classification,very_positive,positive
"The app seems to be pretty heavy on battery drain. Additional, when the bike accessories are on befo",3,Security,0.6,Brand Trust,0.5,neutral,neutral Security review,fallback_classification,neutral,neutral
super app,5,Other,0.6,Engagement,0.5,positive,positive Other review,fallback_classification,very_positive,positive
Good help full 🌝🌝,5,Other,0.6,Engagement,0.5,positive,positive Other review,fallback_classification,very_positive,positive
App not connecting to running bike. Have to turn off and on then it works. Fix this.,1,Bugs,0.6,User Retention,0.5,negative,negative Bugs review,fallback_classification,very_negative,negative
not able to book a service appointment through this app it's forever loading.I wouldn't give a star ,1,Performance,0.6,User Retention,0.5,negative,negative Performance review,fallback_classification,very_negative,negative
vary good,5,Other,0.6,Engagement,0.5,positive,positive Other review,fallback_classification,very_positive,positive
"One of the worst apps I’ve used. I have been trying to book a service for days, but the app won’t le",1,Bugs,0.6,User Retention,0.5,negative,negative Bugs review,fallback_classification,very_negative,negative
"pathetic app, after new update many functionalities don't work.",1,Features,0.6,Engagement,0.5,negative,negative Features review,fallback_classification,very_negative,negative
"Disconnect issue, need to login multiple times",1,Bugs,0.6,User Retention,0.5,negative,negative Bugs review,fallback_classification,very_negative,negative
"it's not working properly, service history and Book service showing 2022 . I'm facing issue in this ",1,Bugs,0.6,User Retention,0.5,negative,negative Bugs review,fallback_classification,very_negative,negative
Huge lag in direction update. Provided an option to download the map offline. It drains a lot of mob,3,Performance,0.6,User Retention,0.5,neutral,neutral Performance review,fallback_classification,neutral,neutral
The app is not working properly. I am unable to book a service through the app or the website. The s,1,Bugs,0.6,User Retention,0.5,negative,negative Bugs review,fallback_classification,very_negative,negative
After the latest update the app is not working,1,Bugs,0.6,User Retention,0.5,negative,negative Bugs review,fallback_classification,very_negative,negative
"Navigation is buggy hence 4 stars, the map does not refresh sometimes and consumes too much battery,",4,Performance,0.6,User Retention,0.5,positive,positive Performance review,fallback_classification,positive,positive
very slow,1,Performance,0.6,User Retention,0.5,negative,negative Performance review,fallback_classification,very_negative,negative
How can we update personal details like the new Mobile number and new Email to get updates about the,1,Customer_Support,0.6,Brand Trust,0.5,negative,negative Customer_Support review,fallback_classification,very_negative,negative
very good experience 😃,5,Other,0.6,Engagement,0.5,positive,positive Other review,fallback_classification,very_positive,positive
good 👍 app,5,Other,0.6,Engagement,0.5,positive,positive Other review,fallback_classification,very_positive,positive
excellent,5,Other,0.6,Engagement,0.5,positive,positive Other review,fallback_classification,very_positive,positive
"Dear Sir/Madam, I booked a motorcycle from an authorized showroom of Royal Enfield and paid an advan",1,Billing,0.6,Revenue,0.5,negative,negative Billing review,fallback_classification,very_negative,negative
could be faster,5,Other,0.6,Engagement,0.5,positive,positive Other review,fallback_classification,very_positive,positive
service booking not working...,1,Bugs,0.6,User Retention,0.5,negative,negative Bugs review,fallback_classification,very_negative,negative
good ok,5,Other,0.6,Engagement,0.5,positive,positive Other review,fallback_classification,very_positive,positive
I was totally disappointed with the tripper navigation map view it's not useful. details are not vis,1,Security,0.6,Brand Trust,0.5,negative,negative Security review,fallback_classification,very_negative,negative
navigation nai puri digital miter lagay,2,Performance,0.6,User Retention,0.5,negative,negative Performance review,fallback_classification,negative,negative
not working properly 😔,1,Bugs,0.6,User Retention,0.5,negative,negative Bugs review,fallback_classification,very_negative,negative
fake update,1,Features,0.6,Engagement,0.5,negative,negative Features review,fallback_classification,very_negative,negative
"The app has a lot of bugs, but my bike has more unresolved",2,Bugs,0.6,User Retention,0.5,negative,negative Bugs review,fallback_classification,negative,negative
"Everything is dead slow. Service tracker, scheduling pages doesn't launch at all.",1,Performance,0.6,User Retention,0.5,negative,negative Performance review,fallback_classification,very_negative,negative
worst nothing works properly and when we try to book a slot for service it will always be loading bu,1,Performance,0.6,User Retention,0.5,negative,negative Performance review,fallback_classification,very_negative,negative
the app is literally garbage i am in service centre right now and the service cost calculator is not,1,Billing,0.6,Revenue,0.5,negative,negative Billing review,fallback_classification,very_negative,negative
Customer Service needs to improve and timely updates,1,Customer_Support,0.6,Brand Trust,0.5,negative,negative Customer_Support review,fallback_classification,very_negative,negative
needs much more improvement in navigation,1,UI/UX,0.6,Engagement,0.5,negative,negative UI/UX review,fallback_classification,very_negative,negative
Not working properly bad app,1,Bugs,0.6,User Retention,0.5,negative,negative Bugs review,fallback_classification,very_negative,negative
great experience for royal enfield,5,Other,0.6,Engagement,0.5,positive,positive Other review,fallback_classification,very_positive,positive
Excellent,5,Other,0.6,Engagement,0.5,positive,positive Other review,fallback_classification,very_positive,positive
I have booked Classic 350 Meddalion Bronze on 19/09/2025 and every day I track the order I get a new,1,Customer_Support,0.6,Brand Trust,0.5,negative,negative Customer_Support review,fallback_classification,very_negative,negative
app not working properly hanging issue,1,Performance,0.6,User Retention,0.5,negative,negative Performance review,fallback_classification,very_negative,negative
unable to book service,1,Customer_Support,0.6,Brand Trust,0.5,negative,negative Customer_Support review,fallback_classification,very_negative,negative
"एकदम थर्ड क्लास कंपनी है, डेढ़ साल हो गया है मैंने भाई को हरा दिया था मेकआईटी योरसेल्फ अभी तक मुझे न",1,Other,0.6,Engagement,0.5,negative,negative Other review,fallback_classification,very_negative,negative
booking bike very very late,1,Features,0.6,Engagement,0.5,negative,negative Features review,fallback_classification,very_negative,negative
Slowest app on my phone.,1,Performance,0.6,User Retention,0.5,negative,negative Performance review,fallback_classification,very_negative,negative
thankyou,5,Other,0.6,Engagement,0.5,positive,positive Other review,fallback_classification,very_positive,positive
"needs improvement, does not give proper update about bike's delivery status.",3,Customer_Support,0.6,Brand Trust,0.5,neutral,neutral Customer_Support review,fallback_classification,neutral,neutral
My Favorite bullet..,5,Other,0.6,Engagement,0.5,positive,positive Other review,fallback_classification,very_positive,positive
Too slow and lagging too much,3,Performance,0.6,User Retention,0.5,neutral,neutral Performance review,fallback_classification,neutral,neutral
"ye yah company aur uske employee sab jhuthe Hain, booking ke paise Le lete hain aur FIR customer ko ",1,Features,0.6,Engagement,0.5,negative,negative Features review,fallback_classification,very_negative,negative
Super,4,Other,0.6,Engagement,0.5,positive,positive Other review,fallback_classification,positive,positive
I think nobody is checking this app from the re side..full of bugs,1,Bugs,0.6,User Retention,0.5,negative,negative Bugs review,fallback_classification,very_negative,negative
most looted bike company with no response,1,Customer_Support,0.6,Brand Trust,0.5,negative,negative Customer_Support review,fallback_classification,very_negative,negative
mai is app se pareshan hu. pata nahi kiu banaya hai ye app . maine ispe app pe trust karke isse bike,1,Other,0.6,Engagement,0.5,negative,negative Other review,fallback_classification,very_negative,negative
not working properly the screen lags when I try to book a service appointment,1,Performance,0.6,User Retention,0.5,negative,negative Performance review,fallback_classification,very_negative,negative
awesome app,5,Other,0.6,Engagement,0.5,positive,positive Other review,fallback_classification,very_positive,positive
not so useful,3,Other,0.6,Engagement,0.5,neutral,neutral Other review,fallback_classification,neutral,neutral
"When I installed the RE app for the first time, I was able to view all the options, but for the last",5,Features,0.6,Engagement,0.5,positive,positive Features review,fallback_classification,very_positive,positive
"Happy Himalayan Owner (13 months, 4 services) loves the smart features, but these glitches need fixi",3,Bugs,0.6,User Retention,0.5,neutral,neutral Bugs review,fallback_classification,neutral,neutral
vary nice app,5,Other,0.6,Engagement,0.5,positive,positive Other review,fallback_classification,very_positive,positive
"Works ok once you get it to work, but took me a month to get up and running initially at the beginni",3,UI/UX,0.6,Engagement,0.5,neutral,neutral UI/UX review,fallback_classification,neutral,neutral
"Very disappointing experience. The app fails to redirect to the next page, making it impossible to b",1,Bugs,0.6,User Retention,0.5,negative,negative Bugs review,fallback_classification,very_negative,negative
Lots of one star reviews... Forever trying to put cookies onto my phone with every move I make on th,1,Security,0.6,Brand Trust,0.5,negative,negative Security review,fallback_classification,very_negative,negative
update in incorrect,1,Bugs,0.6,User Retention,0.5,negative,negative Bugs review,fallback_classification,very_negative,negative
very bad application this is.real traking is not working properly and bike is very cheap and bad so ,1,Billing,0.6,Revenue,0.5,negative,negative Billing review,fallback_classification,very_negative,negative
navigation doesn't appear on screen,1,UI/UX,0.6,Engagement,0.5,negative,negative UI/UX review,fallback_classification,very_negative,negative
very bad experience with tracking,1,Other,0.6,Engagement,0.5,negative,negative Other review,fallback_classification,very_negative,negative
very nice app,5,Other,0.6,Engagement,0.5,positive,positive Other review,fallback_classification,very_positive,positive
I just got my new Himalayan 450 2 weeks ago and haven't been able to pair the tripper with my phone:,1,Features,0.6,Engagement,0.5,negative,negative Features review,fallback_classification,very_negative,negative
"A lot of issues in the App, Disconnecting frequently, not stable.",1,Bugs,0.6,User Retention,0.5,negative,negative Bugs review,fallback_classification,very_negative,negative
FInally! This version updated the firmware on my 2025 Bear 650. TY RE for fixing and updating this a,4,Bugs,0.6,User Retention,0.5,positive,positive Bugs review,fallback_classification,positive,positive
slow working. not so smooth,1,Performance,0.6,User Retention,0.5,negative,negative Performance review,fallback_classification,very_negative,negative
"Kindly add more features to this application apart from the map, such as showing the bike’s mileage,",1,Features,0.6,Engagement,0.5,negative,negative Features review,fallback_classification,very_negative,negative
after installing and re installing the app multiple times it either connects to the tripper dash but,1,Features,0.6,Engagement,0.5,negative,negative Features review,fallback_classification,very_negative,negative
"Worst aftersale service, none of their service centres pick the call and even if they do they will s",1,Customer_Support,0.6,Brand Trust,0.5,negative,negative Customer_Support review,fallback_classification,very_negative,negative
always asking for me.to update.,2,Features,0.6,Engagement,0.5,negative,negative Features review,fallback_classification,negative,negative
It was a great 👍 n very Useful application for daily rides. Good work by Royal Enfield 💯👍🤗 all kind ,5,Other,0.6,Engagement,0.5,positive,positive Other review,fallback_classification,very_positive,positive
difficult 😭,1,Other,0.6,Engagement,0.5,negative,negative Other review,fallback_classification,very_negative,negative
"The ""Store"" section of your app/website has a bug. It is not getting displayed properly. There is a ",1,Bugs,0.6,User Retention,0.5,negative,negative Bugs review,fallback_classification,very_negative,negative
app is slow. ui is good.,3,Performance,0.6,User Retention,0.5,neutral,neutral Performance review,fallback_classification,neutral,neutral
Please improve the app startup time. The animation is quite lazy one. It often ask me to take U turn,3,UI/UX,0.6,Engagement,0.5,neutral,neutral UI/UX review,fallback_classification,neutral,neutral
"please, remove the animation loader, is too long and delay the app start!!!",1,Other,0.6,Engagement,0.5,negative,negative Other review,fallback_classification,very_negative,negative
Just updated the app and I appear to have lost all the cafés etc that I saved,2,Features,0.6,Engagement,0.5,negative,negative Features review,fallback_classification,negative,negative
Have to improve the application to run smoothly. Loading time is taking More time even in fast netwo,3,Performance,0.6,User Retention,0.5,neutral,neutral Performance review,fallback_classification,neutral,neutral
Nice and very useful,5,Other,0.6,Engagement,0.5,positive,positive Other review,fallback_classification,very_positive,positive
bike achi he royal Enfield ki lekin shorum ki service bilkul bhi achi nhi he 3 mahine wait krnaa pad,1,Customer_Support,0.6,Brand Trust,0.5,negative,negative Customer_Support review,fallback_classification,very_negative,negative
please improve UI.. OTHER than that it is pretty good,3,UI/UX,0.6,Engagement,0.5,neutral,neutral UI/UX review,fallback_classification,neutral,neutral
best app in royal Enfield,5,Other,0.6,Engagement,0.5,positive,positive Other review,fallback_classification,very_positive,positive
"very good app. connects with the bike seamlessly. good for navigation, service booking and all servi",5,Customer_Support,0.6,Brand Trust,0.5,positive,positive Customer_Support review,fallback_classification,very_positive,positive
My vehicle perpetually shows 'in service' which makes it impossible to confirm new service bookings ,5,Bugs,0.6,User Retention,0.5,positive,positive Bugs review,fallback_classification,very_positive,positive
Great experience,4,Other,0.6,Engagement,0.5,positive,positive Other review,fallback_classification,positive,positive
Needs improvement especially on opening time and causing phone to heat during casting; and causing b,2,Performance,0.6,User Retention,0.5,negative,negative Performance review,fallback_classification,negative,negative
superb,4,Other,0.6,Engagement,0.5,positive,positive Other review,fallback_classification,positive,positive
nice 👍,5,Other,0.6,Engagement,0.5,positive,positive Other review,fallback_classification,very_positive,positive
I am not able to access the book service section under My Re. It goes into infinite loading loop. Ri,3,Security,0.6,Brand Trust,0.5,neutral,neutral Security review,fallback_classification,neutral,neutral
very very poor app and Royal Enfield vehicles. quickly engine noise coming within 15k km,1,UI/UX,0.6,Engagement,0.5,negative,negative UI/UX review,fallback_classification,very_negative,negative
there is no option to login with email id. I have changed my mobile number. if I login with new numb,1,Performance,0.6,User Retention,0.5,negative,negative Performance review,fallback_classification,very_negative,negative
most useless app . it's always on loading screen can't add my bike in the app and your website is eq,1,Performance,0.6,User Retention,0.5,negative,negative Performance review,fallback_classification,very_negative,negative
not satisfied customer service,1,Customer_Support,0.6,Brand Trust,0.5,negative,negative Customer_Support review,fallback_classification,very_negative,negative
Horrible experience. Most of the functions dont work. Really pathetic experience with this app.,1,Other,0.6,Engagement,0.5,negative,negative Other review,fallback_classification,very_negative,negative
love royal enfield,5,Other,0.6,Engagement,0.5,positive,positive Other review,fallback_classification,very_positive,positive
good 👍😊😊😊,5,Other,0.6,Engagement,0.5,positive,positive Other review,fallback_classification,very_positive,positive
bhawanipatna showroom guta 3 class showroom tar stape be nai na Pani be tk nai daba pura 3 class sho,1,Customer_Support,0.6,Brand Trust,0.5,negative,negative Customer_Support review,fallback_classification,very_negative,negative
"It works, but drains the battery and overheat the mobile. I wish they could solve it.",2,Performance,0.6,User Retention,0.5,negative,negative Performance review,fallback_classification,negative,negative
not able to book service,1,Customer_Support,0.6,Brand Trust,0.5,negative,negative Customer_Support review,fallback_classification,very_negative,negative
super 👍👍,5,Other,0.6,Engagement,0.5,positive,positive Other review,fallback_classification,very_positive,positive
Best Brand Bike,5,Other,0.6,Engagement,0.5,positive,positive Other review,fallback_classification,very_positive,positive
best experience,5,Other,0.6,Engagement,0.5,positive,positive Other review,fallback_classification,very_positive,positive
Faltu app booking korar por tentative date die6e 18 February and promise date o die6e 18 February ho,1,Customer_Support,0.6,Brand Trust,0.5,negative,negative Customer_Support review,fallback_classification,very_negative,negative
that's great app,5,Other,0.6,Engagement,0.5,positive,positive Other review,fallback_classification,very_positive,positive
delayed to start and browse and slow update,2,Performance,0.6,User Retention,0.5,negative,negative Performance review,fallback_classification,negative,negative
Só falta poder desligar a tela do celular durante a navegação!,4,Other,0.6,Engagement,0.5,positive,positive Other review,fallback_classification,positive,positive
when you connect your phone for a map with the bike via bluetooth (connected duration: less than 15 ,4,Bugs,0.6,User Retention,0.5,positive,positive Bugs review,fallback_classification,positive,positive
Unable to book bike service using the application,1,Customer_Support,0.6,Brand Trust,0.5,negative,negative Customer_Support review,fallback_classification,very_negative,negative
unable to book a service,1,Customer_Support,0.6,Brand Trust,0.5,negative,negative Customer_Support review,fallback_classification,very_negative,negative
can't get code within 30 seconds. then wouldn't let me in at all,1,Other,0.6,Engagement,0.5,negative,negative Other review,fallback_classification,very_negative,negative
"from The Latest Update, app is Very slow...And not able to book Service",3,Performance,0.6,User Retention,0.5,neutral,neutral Performance review,fallback_classification,neutral,neutral
"i have guerrilla 450, Map gets stuck in middle of ride and i have to disconnect and reconnect the ph",3,Performance,0.6,User Retention,0.5,neutral,neutral Performance review,fallback_classification,neutral,neutral
worst app very slow unable to book service it's loading from 1 hour,1,Performance,0.6,User Retention,0.5,negative,negative Performance review,fallback_classification,very_negative,negative
good app and useful app who are using royal Enfield vehicles. thank you,5,Other,0.6,Engagement,0.5,positive,positive Other review,fallback_classification,very_positive,positive
outdated app!!!Please dont use this app for booking anything.Its outdated.,1,Features,0.6,Engagement,0.5,negative,negative Features review,fallback_classification,very_negative,negative
Good service,5,Customer_Support,0.6,Brand Trust,0.5,positive,positive Customer_Support review,fallback_classification,very_positive,positive
"such a Very ""P O O R"" app",1,Other,0.6,Engagement,0.5,negative,negative Other review,fallback_classification,very_negative,negative
need more fiture,1,Features,0.6,Engagement,0.5,negative,negative Features review,fallback_classification,very_negative,negative
the navigator app can be so much better than what it is today,1,Other,0.6,Engagement,0.5,negative,negative Other review,fallback_classification,very_negative,negative
You need to keep your phone Unlocked and phone gets hot as fire battery drains in minutes.,1,Performance,0.6,User Retention,0.5,negative,negative Performance review,fallback_classification,very_negative,negative
app just keeps loading when I try to book a service. been 4 days and still the same,1,Performance,0.6,User Retention,0.5,negative,negative Performance review,fallback_classification,very_negative,negative
"like pulsar which is half in price,giving digital meter where any incoming call shows cell number,he",3,Billing,0.6,Revenue,0.5,neutral,neutral Billing review,fallback_classification,neutral,neutral
Service Booking section is not working it's keep on loading not going ahead....... and my service de,1,Performance,0.6,User Retention,0.5,negative,negative Performance review,fallback_classification,very_negative,negative
This is a very bad app. It takes a long time to open.It has an RSA option but nothing is shown in it,1,Features,0.6,Engagement,0.5,negative,negative Features review,fallback_classification,very_negative,negative
new update is worst. Navigation bike device and RE map keep on disconnecting in any trip start. This,1,UI/UX,0.6,Engagement,0.5,negative,negative UI/UX review,fallback_classification,very_negative,negative
why there is no option in Goa to sell or exchange the bike and in other states there are.,3,Performance,0.6,User Retention,0.5,neutral,neutral Performance review,fallback_classification,neutral,neutral
they say real time booking tracing is available but there is nothing as such i have had experience f,1,Features,0.6,Engagement,0.5,negative,negative Features review,fallback_classification,very_negative,negative
Most of the time the app keeps giving message please try again later,1,Other,0.6,Engagement,0.5,negative,negative Other review,fallback_classification,very_negative,negative
please do not expect any support from Royal Enfield incase you face any issues at Dealership. Suppor,1,Bugs,0.6,User Retention,0.5,negative,negative Bugs review,fallback_classification,very_negative,negative
"More stable now, but still has problems. app restarts a lot when minimized. sometimes disconnects fr",3,Bugs,0.6,User Retention,0.5,neutral,neutral Bugs review,fallback_classification,neutral,neutral
are you guys seriously not doing any testing before releasing it on production? 1. loading time coul,1,Performance,0.6,User Retention,0.5,negative,negative Performance review,fallback_classification,very_negative,negative
Good 👍,5,Other,0.6,Engagement,0.5,positive,positive Other review,fallback_classification,very_positive,positive
Does not load ANY routes.,1,Features,0.6,Engagement,0.5,negative,negative Features review,fallback_classification,very_negative,negative
"This app is very slow, it lags and even shows wrong map sometimes.",2,Performance,0.6,User Retention,0.5,negative,negative Performance review,fallback_classification,negative,negative
too slow,1,Performance,0.6,User Retention,0.5,negative,negative Performance review,fallback_classification,very_negative,negative
nothing is in this app except navigation,1,UI/UX,0.6,Engagement,0.5,negative,negative UI/UX review,fallback_classification,very_negative,negative
"I really used to like this app but ever since the last update, my Pixel 10 has not been able to full",5,Security,0.6,Brand Trust,0.5,positive,positive Security review,fallback_classification,very_positive,positive
This app should have the update to lock the phone screen while the app is connected to motorcycle fo,1,UI/UX,0.6,Engagement,0.5,negative,negative UI/UX review,fallback_classification,very_negative,negative
Worst service provided by the Royal enfield support team. They stonewalled me.,1,Customer_Support,0.6,Brand Trust,0.5,negative,negative Customer_Support review,fallback_classification,very_negative,negative
Had to uninstall and reinstall as not getting full maps on screen. Now impossible to input OTP as ti,1,Security,0.6,Brand Trust,0.5,negative,negative Security review,fallback_classification,very_negative,negative
"Don't buy royal Enfield bike, services is worst.",1,Customer_Support,0.6,Brand Trust,0.5,negative,negative Customer_Support review,fallback_classification,very_negative,negative
we need the call recieving feature and also the call dialing feature is also a problem in my guerril,3,Bugs,0.6,User Retention,0.5,neutral,neutral Bugs review,fallback_classification,neutral,neutral
"wingman not working. showing connected but not showing any other data, everything freezes.",1,Security,0.6,Brand Trust,0.5,negative,negative Security review,fallback_classification,very_negative,negative
"very slow app. it should be fast connectivity. auto connect hona chahiye. Royal Enfield, please expe",1,Billing,0.6,Revenue,0.5,negative,negative Billing review,fallback_classification,very_negative,negative
Great support from developer,5,Customer_Support,0.6,Brand Trust,0.5,positive,positive Customer_Support review,fallback_classification,very_positive,positive
very bad experience take lot of time to load anything,1,Other,0.6,Engagement,0.5,negative,negative Other review,fallback_classification,very_negative,negative
"love using the tripper, but paring is a daily pain in the arase, also the loading screen is so slow",3,Performance,0.6,User Retention,0.5,neutral,neutral Performance review,fallback_classification,neutral,neutral
Needs a lot of work. Connection unstable. stop giving direction updates once the ride starts.,3,Features,0.6,Engagement,0.5,neutral,neutral Features review,fallback_classification,neutral,neutral
useful,4,Other,0.6,Engagement,0.5,positive,positive Other review,fallback_classification,positive,positive
"Sell the bike later. First, improve the behavior of the staff you have in your showroom.",1,Customer_Support,0.6,Brand Trust,0.5,negative,negative Customer_Support review,fallback_classification,very_negative,negative
"Unable to use this app, it's very slow even in high speed wifi. Book a service option never works. s",1,Performance,0.6,User Retention,0.5,negative,negative Performance review,fallback_classification,very_negative,negative
useless app... just images no functionality. You cant book service on this nor call back option. Nor,1,Customer_Support,0.6,Brand Trust,0.5,negative,negative Customer_Support review,fallback_classification,very_negative,negative
very buggy and slow.,2,Performance,0.6,User Retention,0.5,negative,negative Performance review,fallback_classification,negative,negative
trying to book a service app is still coming in loading state . this is irritating . tried calling t,1,Performance,0.6,User Retention,0.5,negative,negative Performance review,fallback_classification,very_negative,negative
the app is showing unable to fetch your information. this app is extremely slow and pathetic,1,Performance,0.6,User Retention,0.5,negative,negative Performance review,fallback_classification,very_negative,negative
"third class app,ghtiya se bhi ghtiya बहुत परेशान किया इसने",1,Other,0.6,Engagement,0.5,negative,negative Other review,fallback_classification,very_negative,negative
Not satisfied,1,Other,0.6,Engagement,0.5,negative,negative Other review,fallback_classification,very_negative,negative
I have uninstalled and re installed thus latest version several times. it saysit is compatable with ,1,Bugs,0.6,User Retention,0.5,negative,negative Bugs review,fallback_classification,very_negative,negative
Worst app experience. Needs too much work,1,Features,0.6,Engagement,0.5,negative,negative Features review,fallback_classification,very_negative,negative
bike book karne se 10-15 din main bhi bike nahi a raha hai company se abb to royal enfield jo dream ,1,Performance,0.6,User Retention,0.5,negative,negative Performance review,fallback_classification,very_negative,negative
turn by turn navigation disconnected again and again and gear indicator is not showing and please al,1,UI/UX,0.6,Engagement,0.5,negative,negative UI/UX review,fallback_classification,very_negative,negative
Impossible to log in so the app is useless. Why set a 30 second timer on an OTP to this app? This ha,1,Security,0.6,Brand Trust,0.5,negative,negative Security review,fallback_classification,very_negative,negative
I am using Google pixel 7a I've been trying to open the app for a long time now. Its asking for all ,1,Security,0.6,Brand Trust,0.5,negative,negative Security review,fallback_classification,very_negative,negative
book a service takes forever to load. and hangs up.,1,Performance,0.6,User Retention,0.5,negative,negative Performance review,fallback_classification,very_negative,negative
Keeps logging me out saying that I am in a new location.,2,Other,0.6,Engagement,0.5,negative,negative Other review,fallback_classification,negative,negative
They discontinued the fireball black version of meteor 350,1,Other,0.6,Engagement,0.5,negative,negative Other review,fallback_classification,very_negative,negative
casa vez que intento ver el mapa en la moto se cierra de golpe la aplicación y se desconecta el móvi,1,Features,0.6,Engagement,0.5,negative,negative Features review,fallback_classification,very_negative,negative
app is good but now the app is automatically logout and when I am trying to login again it is not sh,2,Security,0.6,Brand Trust,0.5,negative,negative Security review,fallback_classification,negative,negative
"Why did you discontinue the Fireball Black Meteor 350? You discontinue a good bike, please return th",1,Other,0.6,Engagement,0.5,negative,negative Other review,fallback_classification,very_negative,negative
"This app deserves 0. But no option, follow this app and boom you wasted your time and Money. I use o",1,Billing,0.6,Revenue,0.5,negative,negative Billing review,fallback_classification,very_negative,negative
can't book service,1,Customer_Support,0.6,Brand Trust,0.5,negative,negative Customer_Support review,fallback_classification,very_negative,negative
unable to book service,2,Customer_Support,0.6,Brand Trust,0.5,negative,negative Customer_Support review,fallback_classification,negative,negative
i have Himalayan 450. For Google Map navigation i have to keep my fon display ON. not even locked. S,2,Billing,0.6,Revenue,0.5,negative,negative Billing review,fallback_classification,negative,negative
Terrible experience as it has never helped book a service or use RSA feature within the app itself.,2,Customer_Support,0.6,Brand Trust,0.5,negative,negative Customer_Support review,fallback_classification,negative,negative
Again the same thing.. Of your Navigation is Powered by Google then why ot always Make me Ride from ,2,Bugs,0.6,User Retention,0.5,negative,negative Bugs review,fallback_classification,negative,negative
"This email serves as a final notice regarding the deficiency of service, breach of contractual oblig",1,Security,0.6,Brand Trust,0.5,negative,negative Security review,fallback_classification,very_negative,negative
not able to use in my my bike,1,Other,0.6,Engagement,0.5,negative,negative Other review,fallback_classification,very_negative,negative
Not able to book service. The page loads forever,1,Customer_Support,0.6,Brand Trust,0.5,negative,negative Customer_Support review,fallback_classification,very_negative,negative
"a very unreliable app. the app gets me logged out multiple time for no reason. after logging-IN, imm",1,Security,0.6,Brand Trust,0.5,negative,negative Security review,fallback_classification,very_negative,negative
Fantastic Bike ever and same as the app,5,Other,0.6,Engagement,0.5,positive,positive Other review,fallback_classification,very_positive,positive
best option,5,Features,0.6,Engagement,0.5,positive,positive Features review,fallback_classification,very_positive,positive
don't take orders if you can't deliver,1,Other,0.6,Engagement,0.5,negative,negative Other review,fallback_classification,very_negative,negative
This app is ridiculously slow...No proper upgradation....,2,Performance,0.6,User Retention,0.5,negative,negative Performance review,fallback_classification,negative,negative
"Absolutely awful app. Virtually impossible to retrieve and type in the OTP within 30 seconds, and wh",1,Security,0.6,Brand Trust,0.5,negative,negative Security review,fallback_classification,very_negative,negative
pls add volt meter function on tipper pod.,4,Features,0.6,Engagement,0.5,positive,positive Features review,fallback_classification,positive,positive
Can't even book a service slot,1,Customer_Support,0.6,Brand Trust,0.5,negative,negative Customer_Support review,fallback_classification,very_negative,negative
battery drainer this is not navigation app,1,Performance,0.6,User Retention,0.5,negative,negative Performance review,fallback_classification,very_negative,negative
"Worst experience with Royal Enfield Marathahalli. After taking full payment, the showroom completely",1,Billing,0.6,Revenue,0.5,negative,negative Billing review,fallback_classification,very_negative,negative
Unable to book a service. The page keeps loading with no progress. Tried reinstalling and basic trou,1,Performance,0.6,User Retention,0.5,negative,negative Performance review,fallback_classification,very_negative,negative
"this app has a mind of its own. very frustrating. navigation drops in and out, tripper connectivity ",1,UI/UX,0.6,Engagement,0.5,negative,negative UI/UX review,fallback_classification,very_negative,negative
"this app caused screen burn on my s23, cauz of the lockscreen which shows continously the same thing",2,Performance,0.6,User Retention,0.5,negative,negative Performance review,fallback_classification,negative,negative
NAVIGATION SYSTEM 😂😂😂 HUGE DISAPPOINTMENT,1,UI/UX,0.6,Engagement,0.5,negative,negative UI/UX review,fallback_classification,very_negative,negative
Please consider an easy pairing with the vehicle without its registration. As a renter I would love ,3,Features,0.6,Engagement,0.5,neutral,neutral Features review,fallback_classification,neutral,neutral
this app seems to work very well,5,Other,0.6,Engagement,0.5,positive,positive Other review,fallback_classification,very_positive,positive
A poor quality app. Take ages to load and after every update loses my Vehicle details. In the age of,1,UI/UX,0.6,Engagement,0.5,negative,negative UI/UX review,fallback_classification,very_negative,negative
works well,4,Other,0.6,Engagement,0.5,positive,positive Other review,fallback_classification,positive,positive
one of the best I have experienced,5,Other,0.6,Engagement,0.5,positive,positive Other review,fallback_classification,very_positive,positive
battery drain too quickly,1,Performance,0.6,User Retention,0.5,negative,negative Performance review,fallback_classification,very_negative,negative
Pathetic. Just had the first service done and the app says no vehicle registered in your name. Tried,1,Customer_Support,0.6,Brand Trust,0.5,negative,negative Customer_Support review,fallback_classification,very_negative,negative
Good Experience.,5,Other,0.6,Engagement,0.5,positive,positive Other review,fallback_classification,very_positive,positive
not able to connect in app,1,Other,0.6,Engagement,0.5,negative,negative Other review,fallback_classification,very_negative,negative
"It is by far the worst app on my phone. The navigation drops off randomly, and the connection to the",1,Bugs,0.6,User Retention,0.5,negative,negative Bugs review,fallback_classification,very_negative,negative
no adjustment for night mode really annoying for june 25 classic reborn,1,Other,0.6,Engagement,0.5,negative,negative Other review,fallback_classification,very_negative,negative
thank you RE,5,Other,0.6,Engagement,0.5,positive,positive Other review,fallback_classification,very_positive,positive
Good for I dont know what... the app sucks the battery and over heats the phone... better to get a p,1,Performance,0.6,User Retention,0.5,negative,negative Performance review,fallback_classification,very_negative,negative
ok good,4,Other,0.6,Engagement,0.5,positive,positive Other review,fallback_classification,positive,positive
The navigation feature in the Royal Enfield app is not working. I’m unable to save the Tripper Pod d,2,Bugs,0.6,User Retention,0.5,negative,negative Bugs review,fallback_classification,negative,negative
"navigation draws a lot of battery. That aside, I get spammed with promos when I leave the notificati",1,Performance,0.6,User Retention,0.5,negative,negative Performance review,fallback_classification,very_negative,negative
I am extremely disappointed with the app experience. It is very slow and buggy; I am currently unabl,1,Security,0.6,Brand Trust,0.5,negative,negative Security review,fallback_classification,very_negative,negative
"This app is extremely slow. Whenever I try to book a service through the app, the interface does not",2,Performance,0.6,User Retention,0.5,negative,negative Performance review,fallback_classification,negative,negative
worst service by Royal Enfield,1,Customer_Support,0.6,Brand Trust,0.5,negative,negative Customer_Support review,fallback_classification,very_negative,negative
The app crashes everytime I open it on pixel 9 pro.,1,Performance,0.6,User Retention,0.5,negative,negative Performance review,fallback_classification,very_negative,negative
"Please avoid Royal enfield bikes, it's dealers make fake promises for bike delivery and after 2-3 mo",1,Billing,0.6,Revenue,0.5,negative,negative Billing review,fallback_classification,very_negative,negative
"please update Bluetooth connectivity very long time , also update meteor 350 tripod meter software",4,Features,0.6,Engagement,0.5,positive,positive Features review,fallback_classification,positive,positive
"La app es mala, no podes bloquear el teléfono, si no tenes datos móviles se pierde la navegación, no",1,Features,0.6,Engagement,0.5,negative,negative Features review,fallback_classification,very_negative,negative
sign in problem,2,Bugs,0.6,User Retention,0.5,negative,negative Bugs review,fallback_classification,negative,negative
"I have booked a Meteor 350 through the Royal Enfield Android application. However, the booking is no",1,Billing,0.6,Revenue,0.5,negative,negative Billing review,fallback_classification,very_negative,negative
not supported on my realme x2 (android 11),1,Customer_Support,0.6,Brand Trust,0.5,negative,negative Customer_Support review,fallback_classification,very_negative,negative
"The mobile application is redundant, as appointments are reportedly honored only if the customer arr",1,Security,0.6,Brand Trust,0.5,negative,negative Security review,fallback_classification,very_negative,negative
pathetic app.. unable to add vehicle.. pin code of navi mumbai showing Chattisgarh state.. who is le,1,Features,0.6,Engagement,0.5,negative,negative Features review,fallback_classification,very_negative,negative
Doesn't work. Constantly requires reinstalling and I've only managed to make the app project to the ,2,Bugs,0.6,User Retention,0.5,negative,negative Bugs review,fallback_classification,negative,negative
Take more time to open (15min........),1,Other,0.6,Engagement,0.5,negative,negative Other review,fallback_classification,very_negative,negative
The app is insanely slow especially while scheduling the service. The app will have all the unnecess,1,Performance,0.6,User Retention,0.5,negative,negative Performance review,fallback_classification,very_negative,negative
Don't buy royal enfield bike.very bad and poor quality.totaly fraud company. I have own hunter 350 t,1,Other,0.6,Engagement,0.5,negative,negative Other review,fallback_classification,very_negative,negative
just crashes on my pixel.,1,Performance,0.6,User Retention,0.5,negative,negative Performance review,fallback_classification,very_negative,negative
Please consider adding a visual map navigation VIEW similar to Google Maps. The turn-by-turn view is,3,UI/UX,0.6,Engagement,0.5,neutral,neutral UI/UX review,fallback_classification,neutral,neutral
Really disappointing that this software is not compatible with Latest android update of Samsung Gala,1,Bugs,0.6,User Retention,0.5,negative,negative Bugs review,fallback_classification,very_negative,negative
The Tripper Dash navigation heavily depends on constant internet and requires the phone to stay unlo,1,Billing,0.6,Revenue,0.5,negative,negative Billing review,fallback_classification,very_negative,negative
Don't spoil the brand name by decreasing cost and less CC's . Electric RE 🤣 are you kidding. don't m,3,Billing,0.6,Revenue,0.5,neutral,neutral Billing review,fallback_classification,neutral,neutral
"not properly working, showing that my bike is still in service centre.",1,Customer_Support,0.6,Brand Trust,0.5,negative,negative Customer_Support review,fallback_classification,very_negative,negative
"App crashes every time I open, service center details not mentioned properly",1,Performance,0.6,User Retention,0.5,negative,negative Performance review,fallback_classification,very_negative,negative
worst App never work,1,Other,0.6,Engagement,0.5,negative,negative Other review,fallback_classification,very_negative,negative
thanks a lot,5,Other,0.6,Engagement,0.5,positive,positive Other review,fallback_classification,very_positive,positive
first experience very bad due to my Royal enfield ka fuel tank likege,3,Other,0.6,Engagement,0.5,neutral,neutral Other review,fallback_classification,neutral,neutral
"not able to login, pushed out of login again and again and saying session timed out. Contacted suppo",4,Bugs,0.6,User Retention,0.5,positive,positive Bugs review,fallback_classification,positive,positive
pathetic ....they are destroying indian brand name,1,Other,0.6,Engagement,0.5,negative,negative Other review,fallback_classification,very_negative,negative
why this app is not working?,1,Bugs,0.6,User Retention,0.5,negative,negative Bugs review,fallback_classification,very_negative,negative
"Maps & navigation through app connected to the tripper pod is very bad, user interface needs to be s",1,UI/UX,0.6,Engagement,0.5,negative,negative UI/UX review,fallback_classification,very_negative,negative
Aap is auto closing when used with tripper pod all permissions given. Battry saver off. but still th,1,Bugs,0.6,User Retention,0.5,negative,negative Bugs review,fallback_classification,very_negative,negative
"The experience of this app is always bad, the app never opens on time. It is just wasting time.",1,Other,0.6,Engagement,0.5,negative,negative Other review,fallback_classification,very_negative,negative
"mobile Bluetooth getting auto turn off due to Bluetooth connection via app, mobile thinks no device ",3,Performance,0.6,User Retention,0.5,neutral,neutral Performance review,fallback_classification,neutral,neutral
Good App But we want more features 🙂,5,Features,0.6,Engagement,0.5,positive,positive Features review,fallback_classification,very_positive,positive
"love the bike, but the app is hot garbage. I'd rather use a paper map like its 1990 then spend 30 se",1,Features,0.6,Engagement,0.5,negative,negative Features review,fallback_classification,very_negative,negative
very slow process not user friendly,1,Performance,0.6,User Retention,0.5,negative,negative Performance review,fallback_classification,very_negative,negative
"App works fine on my Guerrilla, but I would prefer Waze rather than the standard Google mapping. One",4,Bugs,0.6,User Retention,0.5,positive,positive Bugs review,fallback_classification,positive,positive
"Service button display ""Not Found"" error with black screen",1,Performance,0.6,User Retention,0.5,negative,negative Performance review,fallback_classification,very_negative,negative
J'ai un google pixel 7 pro et je n'arrive pas à me connecter à la moto !! J'ai essayé avec le samsun,1,Other,0.6,Engagement,0.5,negative,negative Other review,fallback_classification,very_negative,negative
best app,5,Other,0.6,Engagement,0.5,positive,positive Other review,fallback_classification,very_positive,positive
just loved it,5,Other,0.6,Engagement,0.5,positive,positive Other review,fallback_classification,very_positive,positive
"while navigating screen doesn't turn off, major batter drawn due to this",1,UI/UX,0.6,Engagement,0.5,negative,negative UI/UX review,fallback_classification,very_negative,negative
Worst battery management from an app ever! Optimize it RE or noone will use it.,1,Performance,0.6,User Retention,0.5,negative,negative Performance review,fallback_classification,very_negative,negative
ghatiya number 1,1,Other,0.6,Engagement,0.5,negative,negative Other review,fallback_classification,very_negative,negative
"Great app. But it's not working on my oppo find x9, worked fine on my old phone.",4,Bugs,0.6,User Retention,0.5,positive,positive Bugs review,fallback_classification,positive,positive
in app serviced appointment booked at 5.30 pm next recev an call from service center your appointmen,1,Customer_Support,0.6,Brand Trust,0.5,negative,negative Customer_Support review,fallback_classification,very_negative,negative
very bad,3,Other,0.6,Engagement,0.5,neutral,neutral Other review,fallback_classification,neutral,neutral
wrost app,1,Other,0.6,Engagement,0.5,negative,negative Other review,fallback_classification,very_negative,negative
I just cannot add my bike to the App. please help.,5,Features,0.6,Engagement,0.5,positive,positive Features review,fallback_classification,very_positive,positive
75%of this app serves the company's promotion and 25% serves the buyer. Most of the features take to,1,Performance,0.6,User Retention,0.5,negative,negative Performance review,fallback_classification,very_negative,negative
this is the worst app ever....keeps stuck on loading screen and doesn't work at all...a very distres,1,Performance,0.6,User Retention,0.5,negative,negative Performance review,fallback_classification,very_negative,negative
v good,5,Other,0.6,Engagement,0.5,positive,positive Other review,fallback_classification,very_positive,positive
poor maintenance,1,Other,0.6,Engagement,0.5,negative,negative Other review,fallback_classification,very_negative,negative
BEST app in Line..,5,Other,0.6,Engagement,0.5,positive,positive Other review,fallback_classification,very_positive,positive
"not able to book service from app, app is draining too much battery",1,Performance,0.6,User Retention,0.5,negative,negative Performance review,fallback_classification,very_negative,negative
worst experience 😭,1,Other,0.6,Engagement,0.5,negative,negative Other review,fallback_classification,very_negative,negative
I was expecting that the Royal Enfield would eventually make this app better. but it's getting worse,1,Customer_Support,0.6,Brand Trust,0.5,negative,negative Customer_Support review,fallback_classification,very_negative,negative
not suitable for navigation,3,UI/UX,0.6,Engagement,0.5,neutral,neutral UI/UX review,fallback_classification,neutral,neutral
crashing frequently,1,Performance,0.6,User Retention,0.5,negative,negative Performance review,fallback_classification,very_negative,negative
"The app was working beautifully till this afternoon around 4 pm. After that, it logged me out sudden",1,UI/UX,0.6,Engagement,0.5,negative,negative UI/UX review,fallback_classification,very_negative,negative
"When I install the app, it is asking me to sign up and it does not accept the email id which I alrea",1,Bugs,0.6,User Retention,0.5,negative,negative Bugs review,fallback_classification,very_negative,negative
I am having himalaya 450. I am using Android version 11. using oppo A52 mobile. not supporting this ,1,Customer_Support,0.6,Brand Trust,0.5,negative,negative Customer_Support review,fallback_classification,very_negative,negative
"after using several rides, I conclude that there is no improvement from the previous app. My S24 ult",1,Other,0.6,Engagement,0.5,negative,negative Other review,fallback_classification,very_negative,negative
unable to book RSA service. the new version update doesn't work well,1,Bugs,0.6,User Retention,0.5,negative,negative Bugs review,fallback_classification,very_negative,negative
"Since 3/13/25, the app comes up with a message to update it. When I try, it says I ha very the lates",2,Features,0.6,Engagement,0.5,negative,negative Features review,fallback_classification,negative,negative
pathetic app....can't even a book a appointment for services. Only advertisement will work good.,1,Customer_Support,0.6,Brand Trust,0.5,negative,negative Customer_Support review,fallback_classification,very_negative,negative
"App suddenly logged me out, and now I am stuck in middle of RSA service. Worst of all I am not able ",1,Performance,0.6,User Retention,0.5,negative,negative Performance review,fallback_classification,very_negative,negative
I’m facing a major overheating issue while using this app. My phone becomes extremely hot within min,2,Performance,0.6,User Retention,0.5,negative,negative Performance review,fallback_classification,negative,negative
not able to book service from the app.. always shows the loading page only..,2,Performance,0.6,User Retention,0.5,negative,negative Performance review,fallback_classification,negative,negative
"unable to book service , the app asks for mobile number but after entering the number , get otp butt",1,Security,0.6,Brand Trust,0.5,negative,negative Security review,fallback_classification,very_negative,negative
Isn't the whole idea of a bike app to work without phone service? All I want to do is use the app to,1,Performance,0.6,User Retention,0.5,negative,negative Performance review,fallback_classification,very_negative,negative
"Já não era bom, agora parece que piorou. Nesta última atualização, além de pedir toda vez pra verifi",1,Bugs,0.6,User Retention,0.5,negative,negative Bugs review,fallback_classification,very_negative,negative
So far still good. Initial loading is not necessary to show animation of Royal Enfield brand that lo,3,Billing,0.6,Revenue,0.5,neutral,neutral Billing review,fallback_classification,neutral,neutral
Book a service feature is not working,1,Bugs,0.6,User Retention,0.5,negative,negative Bugs review,fallback_classification,very_negative,negative
easy to use and almost perfect navigation,5,UI/UX,0.6,Engagement,0.5,positive,positive UI/UX review,fallback_classification,very_positive,positive
very bad,1,Other,0.6,Engagement,0.5,negative,negative Other review,fallback_classification,very_negative,negative
love the update that makes it completely stop working,1,Features,0.6,Engagement,0.5,negative,negative Features review,fallback_classification,very_negative,negative
"while using this app for navigation, mobile getting very heat.. please solve this problem. This is n",3,Bugs,0.6,User Retention,0.5,neutral,neutral Bugs review,fallback_classification,neutral,neutral
Great update. The only thing that's missing now is the call answering by the handlebar buttons,5,UI/UX,0.6,Engagement,0.5,positive,positive UI/UX review,fallback_classification,very_positive,positive
Just updated the app but everytime I go to open the app it tells me to update the app It appears to ,2,Performance,0.6,User Retention,0.5,negative,negative Performance review,fallback_classification,negative,negative
"Misleads and shows wrong directions, please make a model that shows an entire map, not just left and",1,Features,0.6,Engagement,0.5,negative,negative Features review,fallback_classification,very_negative,negative
app slow down,2,Performance,0.6,User Retention,0.5,negative,negative Performance review,fallback_classification,negative,negative
laggy buggy app,1,Performance,0.6,User Retention,0.5,negative,negative Performance review,fallback_classification,very_negative,negative
"The app needs significant improvement-it currently feels very outdated, almost like something develo",1,Billing,0.6,Revenue,0.5,negative,negative Billing review,fallback_classification,very_negative,negative
"Almost impossible to log in. After putting in your email, you have 30sec to retrieve the code sent t",1,Performance,0.6,User Retention,0.5,negative,negative Performance review,fallback_classification,very_negative,negative
sir please meteor fairball black return lao fairball black is best 😭😭😭😭😭😭😭,1,Other,0.6,Engagement,0.5,negative,negative Other review,fallback_classification,very_negative,negative
"Good, my issue is solved. I feel the speed is faster than old app.",5,Billing,0.6,Revenue,0.5,positive,positive Billing review,fallback_classification,very_positive,positive
"I have hunter 2025 model, many features are ok but I have a suggestion. When someone calls, tripper ",3,Features,0.6,Engagement,0.5,neutral,neutral Features review,fallback_classification,neutral,neutral
Not able to book service request as send otp button is not getting enabled,2,Security,0.6,Brand Trust,0.5,negative,negative Security review,fallback_classification,negative,negative
my mobile unable to download the app ??,1,Other,0.6,Engagement,0.5,negative,negative Other review,fallback_classification,very_negative,negative
Not able to sign in,2,Bugs,0.6,User Retention,0.5,negative,negative Bugs review,fallback_classification,negative,negative
The most horrible experience.. I am frustrated with using this. Nothing works properly in this app..,1,Features,0.6,Engagement,0.5,negative,negative Features review,fallback_classification,very_negative,negative
good service app,5,Customer_Support,0.6,Brand Trust,0.5,positive,positive Customer_Support review,fallback_classification,very_positive,positive
"Overall this app is good, but This app need to be updated, it's very slow, taking too much time to l",4,Performance,0.6,User Retention,0.5,positive,positive Performance review,fallback_classification,positive,positive
After upgrade from previous Royal app. fonts are now way smaller. All my locations are lost! e.g. no,2,UI/UX,0.6,Engagement,0.5,negative,negative UI/UX review,fallback_classification,negative,negative
"absolutely terrible app, doesn't connect, can't calculate routes, and just randomly switches off. wh",1,Features,0.6,Engagement,0.5,negative,negative Features review,fallback_classification,very_negative,negative
Very Slow and Can't Book a service through app it Lagging. RE should improve app performances,1,Performance,0.6,User Retention,0.5,negative,negative Performance review,fallback_classification,very_negative,negative
Great,5,Other,0.6,Engagement,0.5,positive,positive Other review,fallback_classification,very_positive,positive
Royal Enfield third class app.Steel buffering from last 30 minutes,1,Other,0.6,Engagement,0.5,negative,negative Other review,fallback_classification,very_negative,negative
Trying from last 2 days to book a service from the app but service book option is not opening,1,Performance,0.6,User Retention,0.5,negative,negative Performance review,fallback_classification,very_negative,negative
"most worthless two wheeler company. worthless service, worthless mechanic, worthless parts. they jus",1,Billing,0.6,Revenue,0.5,negative,negative Billing review,fallback_classification,very_negative,negative
"Was forced to update app today, now nothing works. Cannot calculate a route. The part where it wants",1,Security,0.6,Brand Trust,0.5,negative,negative Security review,fallback_classification,very_negative,negative
good 😊😊😊,5,Other,0.6,Engagement,0.5,positive,positive Other review,fallback_classification,very_positive,positive
I keep getting logged off from the app. this has started recently.. before it was working fine..,1,Other,0.6,Engagement,0.5,negative,negative Other review,fallback_classification,very_negative,negative
"For the past few days, I have been sending multiple emails to the support team, yet my issue remains",1,Bugs,0.6,User Retention,0.5,negative,negative Bugs review,fallback_classification,very_negative,negative
"Why is it showing that this app is not compatible with my phone anymore? 🤔 I guess, my mobile needs ",5,Features,0.6,Engagement,0.5,positive,positive Features review,fallback_classification,very_positive,positive
"issue after update. previously while I was out of town, I could keep track of my bike. after recent ",2,Bugs,0.6,User Retention,0.5,negative,negative Bugs review,fallback_classification,negative,negative
"map navigation functionality on the tripper of my meteor 350 is not working as intended. In route, T",1,Performance,0.6,User Retention,0.5,negative,negative Performance review,fallback_classification,very_negative,negative
keep crashing this app is no use for RE,1,Performance,0.6,User Retention,0.5,negative,negative Performance review,fallback_classification,very_negative,negative
"the app was great until the wingman feature stopped working. neither the customer support, nor the s",1,Customer_Support,0.6,Brand Trust,0.5,negative,negative Customer_Support review,fallback_classification,very_negative,negative
"I bought the super nova metro Royal Enfield 350 yesterday, I am very happy and enjoying it a lot.",5,Other,0.6,Engagement,0.5,positive,positive Other review,fallback_classification,very_positive,positive
"Apps frequently get disconnected after 10-15 min of rides, even most of the case accuracy is also la",2,Performance,0.6,User Retention,0.5,negative,negative Performance review,fallback_classification,negative,negative
I mailed to RE support regarding my mobile number updation. support team promised me that they will ,1,Billing,0.6,Revenue,0.5,negative,negative Billing review,fallback_classification,very_negative,negative
One the worst and terrible apps. The developer of this app should take a look on how the app is perf,1,Customer_Support,0.6,Brand Trust,0.5,negative,negative Customer_Support review,fallback_classification,very_negative,negative
"RE Himi 450 team please fix the tripper dash, I can't change the music, increase or decrease the vol",1,Performance,0.6,User Retention,0.5,negative,negative Performance review,fallback_classification,very_negative,negative
I have other bikes and the apps that they have don't work at all. What Makes the RE app particularly,1,Customer_Support,0.6,Brand Trust,0.5,negative,negative Customer_Support review,fallback_classification,very_negative,negative
I’ve completed the first service for my Meteor 350. The team asked about any issues I faced and hand,5,Bugs,0.6,User Retention,0.5,positive,positive Bugs review,fallback_classification,very_positive,positive
Your Royal Enfield app is not functioning. I am unable to place service request.,1,Customer_Support,0.6,Brand Trust,0.5,negative,negative Customer_Support review,fallback_classification,very_negative,negative
very worst app from a reputed brand. Can't even book a service properly or reschedule a service afte,1,Customer_Support,0.6,Brand Trust,0.5,negative,negative Customer_Support review,fallback_classification,very_negative,negative
Draining my battery. More than 80% in 24 hrs 😱,1,Performance,0.6,User Retention,0.5,negative,negative Performance review,fallback_classification,very_negative,negative
navigation not found or,5,UI/UX,0.6,Engagement,0.5,positive,positive UI/UX review,fallback_classification,very_positive,positive
your app is not taking any service or nor fetching user details and getting server didn't respond,1,Customer_Support,0.6,Brand Trust,0.5,negative,negative Customer_Support review,fallback_classification,very_negative,negative
all is well,5,Other,0.6,Engagement,0.5,positive,positive Other review,fallback_classification,very_positive,positive
"The app has a few features lacking. I am not able to add my bike to it, it has no option of ordering",3,Security,0.6,Brand Trust,0.5,neutral,neutral Security review,fallback_classification,neutral,neutral
"getting stuck on alert screen (navigation) screen, not allowing to used further",1,Performance,0.6,User Retention,0.5,negative,negative Performance review,fallback_classification,very_negative,negative
good to help,5,Other,0.6,Engagement,0.5,positive,positive Other review,fallback_classification,very_positive,positive
worst experience ever by RE bike,1,Other,0.6,Engagement,0.5,negative,negative Other review,fallback_classification,very_negative,negative
requires unrestricted battery access without that navigation won't even start. consumes lot of batte,1,Security,0.6,Brand Trust,0.5,negative,negative Security review,fallback_classification,very_negative,negative
If you could just fix the issue of navigation while riding I should be able to lock my phone as it c,4,Billing,0.6,Revenue,0.5,positive,positive Billing review,fallback_classification,positive,positive
My problem is that my re-application isn't showing the price breakdown of my bike and the valid date,1,Billing,0.6,Revenue,0.5,negative,negative Billing review,fallback_classification,very_negative,negative
Great Service,5,Customer_Support,0.6,Brand Trust,0.5,positive,positive Customer_Support review,fallback_classification,very_positive,positive
I have the New Himalayan the TFT display is very good but I have done multiple long rides and each a,1,Other,0.6,Engagement,0.5,negative,negative Other review,fallback_classification,very_negative,negative
Screen casting should have the function like in youtube app. i know that screen should stay on in la,3,Performance,0.6,User Retention,0.5,neutral,neutral Performance review,fallback_classification,neutral,neutral
very bad experience from bs4 to bs6 royal enfield classic 350...I have using since 2019 ...in bs6 no,1,Performance,0.6,User Retention,0.5,negative,negative Performance review,fallback_classification,very_negative,negative
app is not stable need to connect many times and lagging more,2,Performance,0.6,User Retention,0.5,negative,negative Performance review,fallback_classification,negative,negative
Too much reckless towards customer service. One more show room required in vizianagaram so that heal,1,Customer_Support,0.6,Brand Trust,0.5,negative,negative Customer_Support review,fallback_classification,very_negative,negative
"My device gets connected. but i need to register it every time I use the app, the app doesn't recogn",1,Features,0.6,Engagement,0.5,negative,negative Features review,fallback_classification,very_negative,negative
"after sales service is too poor compared to other companies in Bhubaneswar, Odisha location, particu",1,Billing,0.6,Revenue,0.5,negative,negative Billing review,fallback_classification,very_negative,negative
Infinite loading after tapping on add new bike . cannot use this feature please fix,1,Performance,0.6,User Retention,0.5,negative,negative Performance review,fallback_classification,very_negative,negative
"worst experience,... I'm trying to book service but app isn't working, it struck always even in bran",1,Customer_Support,0.6,Brand Trust,0.5,negative,negative Customer_Support review,fallback_classification,very_negative,negative
"once clicking on start navigation, app closes down.",1,UI/UX,0.6,Engagement,0.5,negative,negative UI/UX review,fallback_classification,very_negative,negative
kabhi. ye bike mat lena is ki service or bike dono. bakwas. or sath me insurance dete vo company cho,1,Customer_Support,0.6,Brand Trust,0.5,negative,negative Customer_Support review,fallback_classification,very_negative,negative
"I am using a pixel 9 pro xl , Android 16. App is not opening at all. once I try to open it , it gets",1,Performance,0.6,User Retention,0.5,negative,negative Performance review,fallback_classification,very_negative,negative
The app is not connecting with the motorcycle. Loading and disconnecting. Showing wrong information ,1,Security,0.6,Brand Trust,0.5,negative,negative Security review,fallback_classification,very_negative,negative
The App is Crashing (closes with stopped working pop-up) whenever I am trying to Start Navigation on,1,Performance,0.6,User Retention,0.5,negative,negative Performance review,fallback_classification,very_negative,negative
"keeps getting logged out continuously, saying im in a new region, doesn't show the top speed on a tr",1,Performance,0.6,User Retention,0.5,negative,negative Performance review,fallback_classification,very_negative,negative
RSA service feature not working,1,Bugs,0.6,User Retention,0.5,negative,negative Bugs review,fallback_classification,very_negative,negative
bike service booking feature not working..,2,Bugs,0.6,User Retention,0.5,negative,negative Bugs review,fallback_classification,negative,negative
DON'T BUY ROYAL ENFIELD BIKES TIRUTTANI THIRUVALLUR ARAKKONAM WORST SERVICE EXPERIENCE I'M USING LAS,1,Customer_Support,0.6,Brand Trust,0.5,negative,negative Customer_Support review,fallback_classification,very_negative,negative
Service booking page takes forever to load. Navigation and service booking is the major reason s I u,1,Performance,0.6,User Retention,0.5,negative,negative Performance review,fallback_classification,very_negative,negative
reting,5,Other,0.6,Engagement,0.5,positive,positive Other review,fallback_classification,very_positive,positive
"The app was working fine until it suddenly, it began crashing when I tapped on ""Start Navigation"". I",3,Performance,0.6,User Retention,0.5,neutral,neutral Performance review,fallback_classification,neutral,neutral
"The app is really slow animation needs overhauling and so does entire UI, janky app",1,Performance,0.6,User Retention,0.5,negative,negative Performance review,fallback_classification,very_negative,negative
This application is getting crashed while starting navigation on my RE Classic 350. I have tried rem,1,Performance,0.6,User Retention,0.5,negative,negative Performance review,fallback_classification,very_negative,negative
"after the latest update, app has just started crashing whenever i click on start navigation, it was ",1,Performance,0.6,User Retention,0.5,negative,negative Performance review,fallback_classification,very_negative,negative
Tripperpod is getting disconnected from the app many a times.,3,Features,0.6,Engagement,0.5,neutral,neutral Features review,fallback_classification,neutral,neutral
Everytime I try to book a service there's some or the other issue,1,Bugs,0.6,User Retention,0.5,negative,negative Bugs review,fallback_classification,very_negative,negative
"worst app, I have super meteor 650, it has tipper navigation dashboard for turn by turn navigation f",1,Security,0.6,Brand Trust,0.5,negative,negative Security review,fallback_classification,very_negative,negative
"Ah, Royal Enfield — the name that stands for rugged reliability, timeless design, and… an app that l",1,Performance,0.6,User Retention,0.5,negative,negative Performance review,fallback_classification,very_negative,negative
Detected as Malware by McAfee and uninstalled !,1,Billing,0.6,Revenue,0.5,negative,negative Billing review,fallback_classification,very_negative,negative
superb,5,Other,0.6,Engagement,0.5,positive,positive Other review,fallback_classification,very_positive,positive
where is login Option for existing account. how to recover account.,1,Bugs,0.6,User Retention,0.5,negative,negative Bugs review,fallback_classification,very_negative,negative
This app doesn't work. After the last update even when the bike is off its showing ignition is on. a,3,Bugs,0.6,User Retention,0.5,neutral,neutral Bugs review,fallback_classification,neutral,neutral
Tripper Connected with my mobile and working for some times then Disconnedted. Showing error as Deci,1,Bugs,0.6,User Retention,0.5,negative,negative Bugs review,fallback_classification,very_negative,negative
Very slow App,2,Performance,0.6,User Retention,0.5,negative,negative Performance review,fallback_classification,negative,negative
battery draining pretty fast for my device when in navigation with tripper pod.,1,Performance,0.6,User Retention,0.5,negative,negative Performance review,fallback_classification,very_negative,negative
"thanks for the update, Now I can use it from Links. more useful than before. can You give one more o",3,UI/UX,0.6,Engagement,0.5,neutral,neutral UI/UX review,fallback_classification,neutral,neutral
"After the recent update to the bike, the connectivity issue is resolved and the application is worki",1,Bugs,0.6,User Retention,0.5,negative,negative Bugs review,fallback_classification,very_negative,negative
bad machine....so much tapped noice,1,Other,0.6,Engagement,0.5,negative,negative Other review,fallback_classification,very_negative,negative
Whenever I am opening my trips section and selecting a trip it is always showing details of one same,3,Features,0.6,Engagement,0.5,neutral,neutral Features review,fallback_classification,neutral,neutral
slow app,1,Performance,0.6,User Retention,0.5,negative,negative Performance review,fallback_classification,very_negative,negative
Pathetic experience stops all the time not one ride where the bike didn't disconnect. I own a Himala,2,Other,0.6,Engagement,0.5,negative,negative Other review,fallback_classification,negative,negative
DON'T BUY ROYAL ENFIELD this is about the service and quality of the royal Enfield bike. I have purc,1,Billing,0.6,Revenue,0.5,negative,negative Billing review,fallback_classification,very_negative,negative
Old 2 star review: The phone keeps getting disconnected during the ride. Currently I am on a long ri,5,Bugs,0.6,User Retention,0.5,positive,positive Bugs review,fallback_classification,very_positive,positive
bad app not functioning good,1,Other,0.6,Engagement,0.5,negative,negative Other review,fallback_classification,very_negative,negative
not able to book a simple service. The page just keeps loading. i have been trying since morning but,1,Billing,0.6,Revenue,0.5,negative,negative Billing review,fallback_classification,very_negative,negative
The app feels quite laggy. Suggestion: It would be great if users could log an RSA request directly ,1,Billing,0.6,Revenue,0.5,negative,negative Billing review,fallback_classification,very_negative,negative
it doesn't work for my mobile it shows it cant install bocoz of older version,1,Bugs,0.6,User Retention,0.5,negative,negative Bugs review,fallback_classification,very_negative,negative
it drains too much battery,2,Performance,0.6,User Retention,0.5,negative,negative Performance review,fallback_classification,negative,negative
very good service here,5,Customer_Support,0.6,Brand Trust,0.5,positive,positive Customer_Support review,fallback_classification,very_positive,positive
The service and behaviour of the staff is also very good 👍,5,Customer_Support,0.6,Brand Trust,0.5,positive,positive Customer_Support review,fallback_classification,very_positive,positive
disgusting!!,1,Other,0.6,Engagement,0.5,negative,negative Other review,fallback_classification,very_negative,negative
I am not able to book the service. after I enter my number it doesn't let the send OTP button to be ,1,Security,0.6,Brand Trust,0.5,negative,negative Security review,fallback_classification,very_negative,negative
Drinks mobile battery like anything & the location is not getting updated frequently. current locati,2,Performance,0.6,User Retention,0.5,negative,negative Performance review,fallback_classification,negative,negative
"I'm unable to add my address, and book a service via the application. There is also no option to rea",1,Billing,0.6,Revenue,0.5,negative,negative Billing review,fallback_classification,very_negative,negative
mst good very good bike,5,Other,0.6,Engagement,0.5,positive,positive Other review,fallback_classification,very_positive,positive
"It's down for last 3 days, very buggy app",1,Bugs,0.6,User Retention,0.5,negative,negative Bugs review,fallback_classification,very_negative,negative
worst app ever,1,Other,0.6,Engagement,0.5,negative,negative Other review,fallback_classification,very_negative,negative
always have to reconnect and it's very difficult to get the codes to reconnect again,2,Other,0.6,Engagement,0.5,negative,negative Other review,fallback_classification,negative,negative
Royal Enfield aap theek hai,5,Other,0.6,Engagement,0.5,positive,positive Other review,fallback_classification,very_positive,positive
I am too interested to buy Gaon classic 350 if chrome colour as classic 350 launched,1,UI/UX,0.6,Engagement,0.5,negative,negative UI/UX review,fallback_classification,very_negative,negative
many formats are not supporting to normal phones since I had called to customer care also they didn',1,Bugs,0.6,User Retention,0.5,negative,negative Bugs review,fallback_classification,very_negative,negative
Can't even book service. Please fix it asap🤡,1,Bugs,0.6,User Retention,0.5,negative,negative Bugs review,fallback_classification,very_negative,negative
Poor. Many devices are non compatible with this app.,1,Other,0.6,Engagement,0.5,negative,negative Other review,fallback_classification,very_negative,negative
"After fixes , tried using for 1 hour long travel. mobile is getting bit warm 6-8% battery drain . bu",4,Performance,0.6,User Retention,0.5,positive,positive Performance review,fallback_classification,positive,positive
after connecting why can't my phone screen be in sleep mode(screen timeout).. is it that hard guys??,4,UI/UX,0.6,Engagement,0.5,positive,positive UI/UX review,fallback_classification,positive,positive
"I am unable to access navigation, a popup is blocking the view and I am unable to close it. I am usi",1,Security,0.6,Brand Trust,0.5,negative,negative Security review,fallback_classification,very_negative,negative
lag while using and very bad optimized plz update,1,Performance,0.6,User Retention,0.5,negative,negative Performance review,fallback_classification,very_negative,negative
"Thank you Mufa and Team RE for the blazing fast response. Hopefully in the near future, we'll be abl",5,Customer_Support,0.6,Brand Trust,0.5,positive,positive Customer_Support review,fallback_classification,very_positive,positive
I could not book a service appointment on this app and did not get a callback from service team eith,1,Customer_Support,0.6,Brand Trust,0.5,negative,negative Customer_Support review,fallback_classification,very_negative,negative
Needs improvement. maps isn't showing currently. some good features such as RE organised rides and s,3,Customer_Support,0.6,Brand Trust,0.5,neutral,neutral Customer_Support review,fallback_classification,neutral,neutral
app heat overheat the mobile till the mobile show the warning,1,Other,0.6,Engagement,0.5,negative,negative Other review,fallback_classification,very_negative,negative
painful experience trying to connect to my H450. Always shows timeout even tho connection was just a,1,UI/UX,0.6,Engagement,0.5,negative,negative UI/UX review,fallback_classification,very_negative,negative
Not working,1,Bugs,0.6,User Retention,0.5,negative,negative Bugs review,fallback_classification,very_negative,negative
The app is not responding properly and when I open the app it keeps on freezing my phone's screen,2,Performance,0.6,User Retention,0.5,negative,negative Performance review,fallback_classification,negative,negative
Superrr,5,Other,0.6,Engagement,0.5,positive,positive Other review,fallback_classification,very_positive,positive
very nice 💯🙂,5,Other,0.6,Engagement,0.5,positive,positive Other review,fallback_classification,very_positive,positive
all is good,5,Other,0.6,Engagement,0.5,positive,positive Other review,fallback_classification,very_positive,positive
"my only gripe, which is the most frustrating part that I have to keep my screen ON for the maps to w",3,UI/UX,0.6,Engagement,0.5,neutral,neutral UI/UX review,fallback_classification,neutral,neutral
I think this is the worst app I have ever used. The app crashed after a few minutes of usage and my ,1,Performance,0.6,User Retention,0.5,negative,negative Performance review,fallback_classification,very_negative,negative
"there is no option showing for login, only sign up option is showing on the page. so I uninstalled i",1,Bugs,0.6,User Retention,0.5,negative,negative Bugs review,fallback_classification,very_negative,negative
excellent work,5,Other,0.6,Engagement,0.5,positive,positive Other review,fallback_classification,very_positive,positive
this app just crashes right after I put the otp to login into my account. i have a Pixel 8 pro and h,1,Security,0.6,Brand Trust,0.5,negative,negative Security review,fallback_classification,very_negative,negative
worst app no details,1,Other,0.6,Engagement,0.5,negative,negative Other review,fallback_classification,very_negative,negative
Love this App. Some features that We all expect from this app. 1) Instead of manually entering the a,4,UI/UX,0.6,Engagement,0.5,positive,positive UI/UX review,fallback_classification,positive,positive
"too slow, not able to book service on it.",1,Performance,0.6,User Retention,0.5,negative,negative Performance review,fallback_classification,very_negative,negative
"very very bad,,. service ke naam par hamara time kharab karate hai esa bekar service center hai rewa",1,Customer_Support,0.6,Brand Trust,0.5,negative,negative Customer_Support review,fallback_classification,very_negative,negative
don't know why I am not able to access the app in my new pixel 9 pro xl. such a pathetic and poor ap,1,Security,0.6,Brand Trust,0.5,negative,negative Security review,fallback_classification,very_negative,negative
make it more accurate and precise,2,Other,0.6,Engagement,0.5,negative,negative Other review,fallback_classification,negative,negative
What the app is trying to offer is awesome. But there needs to be a lot of improvement. I experience,2,Bugs,0.6,User Retention,0.5,negative,negative Bugs review,fallback_classification,negative,negative
"We need Gorilla 350 🙂, having air cooling system",4,Features,0.6,Engagement,0.5,positive,positive Features review,fallback_classification,positive,positive
Royal Enfield dha pooley .,5,Other,0.6,Engagement,0.5,positive,positive Other review,fallback_classification,very_positive,positive
you updated all your bikes in 2025 I think now it's time to update the trip navigator too. it should,2,Performance,0.6,User Retention,0.5,negative,negative Performance review,fallback_classification,negative,negative
The App is too slow and it hangs a lot. RE should take some more interest in improving please.,2,Performance,0.6,User Retention,0.5,negative,negative Performance review,fallback_classification,negative,negative
Takes time to load the first page. Even in website and mobile app.,2,Other,0.6,Engagement,0.5,negative,negative Other review,fallback_classification,negative,negative
good ❤️,5,Other,0.6,Engagement,0.5,positive,positive Other review,fallback_classification,very_positive,positive
Can't log in. It confirms that I'm a registered owner but there's only a sign-up option - not to log,1,Features,0.6,Engagement,0.5,negative,negative Features review,fallback_classification,very_negative,negative
had to uninstall this. consumes way too much battery even when not used.,2,Performance,0.6,User Retention,0.5,negative,negative Performance review,fallback_classification,negative,negative
"(updated) was facing an issue with the version on my phone (pixel 9, Android 16) where the traffic l",5,Bugs,0.6,User Retention,0.5,positive,positive Bugs review,fallback_classification,very_positive,positive
I am writing this mail with immense pain becoz of my pathetic experience at your service center toda,1,Billing,0.6,Revenue,0.5,negative,negative Billing review,fallback_classification,very_negative,negative
unable to book the service what is the use of this app if we cannot book service online. better remo,1,Customer_Support,0.6,Brand Trust,0.5,negative,negative Customer_Support review,fallback_classification,very_negative,negative
"1.the previous service booking status is not updated after completing the service, hence you cannot ",2,Bugs,0.6,User Retention,0.5,negative,negative Bugs review,fallback_classification,negative,negative
"waste app... it's just a website version and we are unable to add accessories of our wish, can't eve",1,Security,0.6,Brand Trust,0.5,negative,negative Security review,fallback_classification,very_negative,negative
great,5,Other,0.6,Engagement,0.5,positive,positive Other review,fallback_classification,very_positive,positive
I describe my issue they called me and fix the error,5,Bugs,0.6,User Retention,0.5,positive,positive Bugs review,fallback_classification,very_positive,positive
verry helpful app ✨,5,Other,0.6,Engagement,0.5,positive,positive Other review,fallback_classification,very_positive,positive
I'm not able to download application in my Samsung s21,1,Other,0.6,Engagement,0.5,negative,negative Other review,fallback_classification,very_negative,negative
can increase more options in app like off/on controls anti theft features... hazard controls find my,2,Features,0.6,Engagement,0.5,negative,negative Features review,fallback_classification,negative,negative
After an update When I tried using Tripper Navigation it worked for a second but whenever the displa,2,Performance,0.6,User Retention,0.5,negative,negative Performance review,fallback_classification,negative,negative
App is not opening on Pixel 8 Pro with Android 16,1,Performance,0.6,User Retention,0.5,negative,negative Performance review,fallback_classification,very_negative,negative
"very bad user interface, lagging, and asking for location always if disabled.",2,Performance,0.6,User Retention,0.5,negative,negative Performance review,fallback_classification,negative,negative
"Due to the praise of Royal Enfield classic 350, I also bought classic 350 5 months ago, I did not kn",1,Customer_Support,0.6,Brand Trust,0.5,negative,negative Customer_Support review,fallback_classification,very_negative,negative
I bought a classic 350 at oct 2020....When the bike gets hot while riding the bike automatically tur,1,Customer_Support,0.6,Brand Trust,0.5,negative,negative Customer_Support review,fallback_classification,very_negative,negative
"After connecting GPS Navigation lost every time, resolve the issue, else navigation feature is super",5,Bugs,0.6,User Retention,0.5,positive,positive Bugs review,fallback_classification,very_positive,positive
"It has only a sign up option, no login option, how on earth is this bug not fixed for years. now I a",1,Bugs,0.6,User Retention,0.5,negative,negative Bugs review,fallback_classification,very_negative,negative
"Edited review. This 5-star is only for the Re support team, they really came through and solved my i",5,Bugs,0.6,User Retention,0.5,positive,positive Bugs review,fallback_classification,very_positive,positive
worst navigation. developer should be thrown in a new city and only be allowed to use this and then ,1,UI/UX,0.6,Engagement,0.5,negative,negative UI/UX review,fallback_classification,very_negative,negative
can't book service appointment,2,Customer_Support,0.6,Brand Trust,0.5,negative,negative Customer_Support review,fallback_classification,negative,negative
i ve Classic stealth black 2025 model....but after some time the tipper navigation disconnect and af,2,Bugs,0.6,User Retention,0.5,negative,negative Bugs review,fallback_classification,negative,negative
I would say if you are discontinuing the Models then you should also remove them from the App. for e,2,Customer_Support,0.6,Brand Trust,0.5,negative,negative Customer_Support review,fallback_classification,negative,negative
login issue for existing account,1,Bugs,0.6,User Retention,0.5,negative,negative Bugs review,fallback_classification,very_negative,negative
worst app,1,Other,0.6,Engagement,0.5,negative,negative Other review,fallback_classification,very_negative,negative
Services are provided by this company so poor,1,Customer_Support,0.6,Brand Trust,0.5,negative,negative Customer_Support review,fallback_classification,very_negative,negative
Good features,5,Features,0.6,Engagement,0.5,positive,positive Features review,fallback_classification,very_positive,positive
Navigation is not working As soon as I am starting navigation the apps shuts down. Please direct me ,2,Bugs,0.6,User Retention,0.5,negative,negative Bugs review,fallback_classification,negative,negative
Thank you for the service invoice download feature,4,Customer_Support,0.6,Brand Trust,0.5,positive,positive Customer_Support review,fallback_classification,positive,positive
"Good, stable app with awesome feature! Smooth experience overall. Thanks to the QA team for ensuring",5,Features,0.6,Engagement,0.5,positive,positive Features review,fallback_classification,very_positive,positive
yesterday I went to one of the service centre which is located in Koramangala it was an horrible ser,1,Performance,0.6,User Retention,0.5,negative,negative Performance review,fallback_classification,very_negative,negative
I am happy with the STANDARD-350 EFI service provided by Advisor-MUKESH KUMAR. always in touch and k,5,Customer_Support,0.6,Brand Trust,0.5,positive,positive Customer_Support review,fallback_classification,very_positive,positive
"The navigation almost works with minor delays, but is there a way to use it with the screen off? The",3,Performance,0.6,User Retention,0.5,neutral,neutral Performance review,fallback_classification,neutral,neutral
"pathetic, no option but the accessories through the app. very slow...",1,Security,0.6,Brand Trust,0.5,negative,negative Security review,fallback_classification,very_negative,negative
waste i can't book service appointment,1,Customer_Support,0.6,Brand Trust,0.5,negative,negative Customer_Support review,fallback_classification,very_negative,negative
"third class application, I start this application and try to sign in. every time I signed in , it fa",1,Bugs,0.6,User Retention,0.5,negative,negative Bugs review,fallback_classification,very_negative,negative
worst staff they don't respond and also waste app,1,Customer_Support,0.6,Brand Trust,0.5,negative,negative Customer_Support review,fallback_classification,very_negative,negative
insurance Manager or whatever in sanamahi motor is a cheat .. haven't get my 2023 insurance claim.. ,1,Features,0.6,Engagement,0.5,negative,negative Features review,fallback_classification,very_negative,negative
"unable to book service, page keeps loading. charging so much of money to customer's yet cannot maint",1,Billing,0.6,Revenue,0.5,negative,negative Billing review,fallback_classification,very_negative,negative
Navigation is not working when we lock the phone.,1,Bugs,0.6,User Retention,0.5,negative,negative Bugs review,fallback_classification,very_negative,negative
"Background MAP in Dash Tripper I'm encountering technical issues with the Royal Enfield app, includi",1,Bugs,0.6,User Retention,0.5,negative,negative Bugs review,fallback_classification,very_negative,negative
"bikes best price, but accessories price not discount , I am not satisfy.",4,Security,0.6,Brand Trust,0.5,positive,positive Security review,fallback_classification,positive,positive
I own a new Himalayan but unable to locate vehicles and trips. please address this asap using Androi,2,Features,0.6,Engagement,0.5,negative,negative Features review,fallback_classification,negative,negative
Why do we call it an app when we have to download the page every single time you click? It's basical,1,Performance,0.6,User Retention,0.5,negative,negative Performance review,fallback_classification,very_negative,negative
appreciate the app team. improved few things.,4,Other,0.6,Engagement,0.5,positive,positive Other review,fallback_classification,positive,positive
please update the app to run navigation on screen of for Sherpa 450,3,UI/UX,0.6,Engagement,0.5,neutral,neutral UI/UX review,fallback_classification,neutral,neutral
it's useful,5,Other,0.6,Engagement,0.5,positive,positive Other review,fallback_classification,very_positive,positive
Hi I got Interceptor Bear 650 bike is awesome but app is not working I mailed to team but till now t,3,Security,0.6,Brand Trust,0.5,neutral,neutral Security review,fallback_classification,neutral,neutral
"I have been trying for such a long period of time to book an appointment for 5000kms servicing, the ",1,Performance,0.6,User Retention,0.5,negative,negative Performance review,fallback_classification,very_negative,negative
worst delivery experience,1,Customer_Support,0.6,Brand Trust,0.5,negative,negative Customer_Support review,fallback_classification,very_negative,negative
I am an advocate and I seriously depend on the app to book service. But now its showing a never endi,3,Performance,0.6,User Retention,0.5,neutral,neutral Performance review,fallback_classification,neutral,neutral
"At least the thing that we want to open and see should be open, nothing inside it opens, whether the",1,Features,0.6,Engagement,0.5,negative,negative Features review,fallback_classification,very_negative,negative
Why is my Samsung Showing this app as a Malware app and wants to remove it during optimization Happy,5,Features,0.6,Engagement,0.5,positive,positive Features review,fallback_classification,very_positive,positive
app is not useful and do not connect from bike,1,Other,0.6,Engagement,0.5,negative,negative Other review,fallback_classification,very_negative,negative
The app is not optimised for Samsung Galaxy S23. Not able to use the navigation with tripper.,1,UI/UX,0.6,Engagement,0.5,negative,negative UI/UX review,fallback_classification,very_negative,negative
Service history doesn't even show ODO KM at which it was completed. You end keeping your own note.,1,Customer_Support,0.6,Brand Trust,0.5,negative,negative Customer_Support review,fallback_classification,very_negative,negative
"unable to save or delete devices, very frustrating ned to pair everytime I start the bike",1,Other,0.6,Engagement,0.5,negative,negative Other review,fallback_classification,very_negative,negative
Her Service Is Pretty Good,4,Customer_Support,0.6,Brand Trust,0.5,positive,positive Customer_Support review,fallback_classification,positive,positive
"Royal Enfield builds these beautiful machines that are extremely reliable, but It can't build an app",1,Performance,0.6,User Retention,0.5,negative,negative Performance review,fallback_classification,very_negative,negative
"App is very slow and its very heavy, when use for navigation phone heats too much",3,Performance,0.6,User Retention,0.5,neutral,neutral Performance review,fallback_classification,neutral,neutral
The new update is worse than the previous one. Please provide an option to add other vehicles of fam,1,Performance,0.6,User Retention,0.5,negative,negative Performance review,fallback_classification,very_negative,negative
"Not up to mark, need to upgrade",2,Features,0.6,Engagement,0.5,negative,negative Features review,fallback_classification,negative,negative
i wasn't able to use the navigation in the app and was unable to connect to the tripper. due to the ,1,UI/UX,0.6,Engagement,0.5,negative,negative UI/UX review,fallback_classification,very_negative,negative
The app is very laggy makes the whole phone lag just by putting the navigation on Even though my pro,3,Performance,0.6,User Retention,0.5,neutral,neutral Performance review,fallback_classification,neutral,neutral
just stay connected with my bike already,2,Other,0.6,Engagement,0.5,negative,negative Other review,fallback_classification,negative,negative
using the navigation on my himalayan 450 consumes a lot of power from my phone. believe me when I sa,2,Performance,0.6,User Retention,0.5,negative,negative Performance review,fallback_classification,negative,negative
Worst app ever. Unable to use feature only reflects please wait,1,Customer_Support,0.6,Brand Trust,0.5,negative,negative Customer_Support review,fallback_classification,very_negative,negative
Not Working Properly,1,Bugs,0.6,User Retention,0.5,negative,negative Bugs review,fallback_classification,very_negative,negative
The phone has to stay on with the app open in order to stay connected. This heats up my phone and dr,2,Performance,0.6,User Retention,0.5,negative,negative Performance review,fallback_classification,negative,negative
"using this app for my Bear 650, while using navigation i need to keep my mobile unlocked so that i c",2,Performance,0.6,User Retention,0.5,negative,negative Performance review,fallback_classification,negative,negative
"app is garbage , I can't connect it with my bike I tried everything turning on off the ignition rein",1,Performance,0.6,User Retention,0.5,negative,negative Performance review,fallback_classification,very_negative,negative
good helpful,4,Other,0.6,Engagement,0.5,positive,positive Other review,fallback_classification,positive,positive
Unable to use since this app shows as malware application in device care.,1,Other,0.6,Engagement,0.5,negative,negative Other review,fallback_classification,very_negative,negative
"I recently bought Royal Enfield Classic 350 Stealth Black 🖤 Bike. Now I realized the name of ""Royal""",5,Features,0.6,Engagement,0.5,positive,positive Features review,fallback_classification,very_positive,positive
this app is not user friendly and needs to improve and easy to handle,1,UI/UX,0.6,Engagement,0.5,negative,negative UI/UX review,fallback_classification,very_negative,negative
pathetic app not able to book the service. multiple times face connection issues and if connected mu,2,Performance,0.6,User Retention,0.5,negative,negative Performance review,fallback_classification,negative,negative
this app not working my vechile 🥹,1,Bugs,0.6,User Retention,0.5,negative,negative Bugs review,fallback_classification,very_negative,negative
The whole setup needs serious upgrading. Paired the app and bike up only for the odometer to stop wo,1,Features,0.6,Engagement,0.5,negative,negative Features review,fallback_classification,very_negative,negative
"The application demonstrates potential, however, certain limitations currently impact user experienc",3,Performance,0.6,User Retention,0.5,neutral,neutral Performance review,fallback_classification,neutral,neutral
Can't add my motorcycle in the app.,1,Features,0.6,Engagement,0.5,negative,negative Features review,fallback_classification,very_negative,negative
"Poor app performance Cannot modify or cancel bookings from the app, even though the option is provid",1,Performance,0.6,User Retention,0.5,negative,negative Performance review,fallback_classification,very_negative,negative
cannot book the service,2,Customer_Support,0.6,Brand Trust,0.5,negative,negative Customer_Support review,fallback_classification,negative,negative
app running speed is not good take a so much time bad experience with this app,1,Performance,0.6,User Retention,0.5,negative,negative Performance review,fallback_classification,very_negative,negative
"सेवा में, प्रबंधक रॉयल एनफील्ड विषय: रॉयल एनफील्ड बाइक में सर्विस के बाद नुकसान की शिकायत महोदय/महोद",1,Other,0.6,Engagement,0.5,negative,negative Other review,fallback_classification,very_negative,negative
"After update the app has improved greatly. however, still room for improvement",4,Features,0.6,Engagement,0.5,positive,positive Features review,fallback_classification,positive,positive
not syncing with bike tripper and speedometer. showing wrong info,1,Performance,0.6,User Retention,0.5,negative,negative Performance review,fallback_classification,very_negative,negative
No point in dropping an email separately. Please check if you are able to book the service or not. I,1,Customer_Support,0.6,Brand Trust,0.5,negative,negative Customer_Support review,fallback_classification,very_negative,negative
Edit: My suggestion was never considered. I'm giving 1 star instead if 3 now. Idk why they removed s,1,Billing,0.6,Revenue,0.5,negative,negative Billing review,fallback_classification,very_negative,negative
"suddenly after servicing, my bike stopped receiving any notification and/or any updation from this a",3,Customer_Support,0.6,Brand Trust,0.5,neutral,neutral Customer_Support review,fallback_classification,neutral,neutral
Royal Enfield Tripper dash not working with Samsung Fold 7. This need to be fixed on priority,1,Bugs,0.6,User Retention,0.5,negative,negative Bugs review,fallback_classification,very_negative,negative
The outstanding app for inquiry and service support are too good.,5,Customer_Support,0.6,Brand Trust,0.5,positive,positive Customer_Support review,fallback_classification,very_positive,positive
"issue with RE app. app was working fine till last update, now not working properly. please check and",1,Bugs,0.6,User Retention,0.5,negative,negative Bugs review,fallback_classification,very_negative,negative
worst app lag only,1,Performance,0.6,User Retention,0.5,negative,negative Performance review,fallback_classification,very_negative,negative
The app is just amazing. books a service for you on a past date and selects a service centre all by ,1,Customer_Support,0.6,Brand Trust,0.5,negative,negative Customer_Support review,fallback_classification,very_negative,negative
"After my recent bike service 2 days earlier, I noticed paint damage on my fuel tank. Please review t",1,Customer_Support,0.6,Brand Trust,0.5,negative,negative Customer_Support review,fallback_classification,very_negative,negative
Har thodi thodi der mae discount ho jata hai mobile. Release karnae sae phlae test nhi kartae applic,1,Other,0.6,Engagement,0.5,negative,negative Other review,fallback_classification,very_negative,negative
poor experience lots of bugs,1,Bugs,0.6,User Retention,0.5,negative,negative Bugs review,fallback_classification,very_negative,negative
"(Priyanka motors raigarh chhattisgarh )service is so pathetic, very unprofessional persons in servic",1,Customer_Support,0.6,Brand Trust,0.5,negative,negative Customer_Support review,fallback_classification,very_negative,negative
"overall nice app, but every month end it logs me out and when I try to log back in it fails so I hav",2,Bugs,0.6,User Retention,0.5,negative,negative Bugs review,fallback_classification,negative,negative
connectivity issue : after a minute it's disconnected with tripper,1,Bugs,0.6,User Retention,0.5,negative,negative Bugs review,fallback_classification,very_negative,negative
navigation not working on Vivo V 40,2,Bugs,0.6,User Retention,0.5,negative,negative Bugs review,fallback_classification,negative,negative
excellent,4,Other,0.6,Engagement,0.5,positive,positive Other review,fallback_classification,positive,positive
it's working 😃😃,5,Other,0.6,Engagement,0.5,positive,positive Other review,fallback_classification,very_positive,positive
RE THE REAL KING,5,Other,0.6,Engagement,0.5,positive,positive Other review,fallback_classification,very_positive,positive
"The Royal Enfield app is not stable. When I turn off the mobile screen, it disconnects from the phon",1,UI/UX,0.6,Engagement,0.5,negative,negative UI/UX review,fallback_classification,very_negative,negative
not working properly alert issue,1,Bugs,0.6,User Retention,0.5,negative,negative Bugs review,fallback_classification,very_negative,negative
get disconnect automatically while driving,1,Other,0.6,Engagement,0.5,negative,negative Other review,fallback_classification,very_negative,negative
Not able to use the app with navigation as i dont have an option of battery optimization in my phone,1,Performance,0.6,User Retention,0.5,negative,negative Performance review,fallback_classification,very_negative,negative
Awesome....Ridding and comfortable... I am happy...😊,5,Other,0.6,Engagement,0.5,positive,positive Other review,fallback_classification,very_positive,positive
Battery sucker....,1,Performance,0.6,User Retention,0.5,negative,negative Performance review,fallback_classification,very_negative,negative
"very very very worst experience of RSA , and BIKE. service after 3 months buying of bike",1,Customer_Support,0.6,Brand Trust,0.5,negative,negative Customer_Support review,fallback_classification,very_negative,negative
the app doesn't allow to buy accessories online,1,Security,0.6,Brand Trust,0.5,negative,negative Security review,fallback_classification,very_negative,negative
lots of problems.. much to improvise 1. Very bulky app 2. Please separate the commodity part and nav,1,Performance,0.6,User Retention,0.5,negative,negative Performance review,fallback_classification,very_negative,negative
It will be much better if there's an option for a service centre locator for better connectivity wit,3,Customer_Support,0.6,Brand Trust,0.5,neutral,neutral Customer_Support review,fallback_classification,neutral,neutral
"After the app update, I am unable to see my trips. My 1 suggestion is why do we use Google maps. To ",3,Features,0.6,Engagement,0.5,neutral,neutral Features review,fallback_classification,neutral,neutral
Frequent disconnection issue with bear 650 is unresolved. I Reported it more than a month back but n,1,Bugs,0.6,User Retention,0.5,negative,negative Bugs review,fallback_classification,very_negative,negative
UI is good & simple. But it takes too much time to load things. Most of the time it doesn't open.,3,UI/UX,0.6,Engagement,0.5,neutral,neutral UI/UX review,fallback_classification,neutral,neutral
I would appreciate it if you could update the app for a more seamless navigation experience. Its not,2,UI/UX,0.6,Engagement,0.5,negative,negative UI/UX review,fallback_classification,negative,negative
"When connected with my Himalayan 450, it keeps disconnecting, full of bug. please fix it",2,Bugs,0.6,User Retention,0.5,negative,negative Bugs review,fallback_classification,negative,negative
service booking takes more than an hour yet it still loads. however from browser it's very easy to b,1,Customer_Support,0.6,Brand Trust,0.5,negative,negative Customer_Support review,fallback_classification,very_negative,negative
wrong direction navigation,1,UI/UX,0.6,Engagement,0.5,negative,negative UI/UX review,fallback_classification,very_negative,negative
Can be improved,4,Other,0.6,Engagement,0.5,positive,positive Other review,fallback_classification,positive,positive
The app needs an update immediately.. severe issues. navigation is off by a few seconds but works fi,2,Bugs,0.6,User Retention,0.5,negative,negative Bugs review,fallback_classification,negative,negative
Useless App even service centers doesn't consider this app... if u are booking for routine service o,1,Bugs,0.6,User Retention,0.5,negative,negative Bugs review,fallback_classification,very_negative,negative
App is useless! takes forever to load things and booking a service on the app is a disaster,1,Customer_Support,0.6,Brand Trust,0.5,negative,negative Customer_Support review,fallback_classification,very_negative,negative
"navigation is not recorded, service booking data missing",1,Security,0.6,Brand Trust,0.5,negative,negative Security review,fallback_classification,very_negative,negative
2019 में जो बुलेट सिल्वर कलर की थीं उसे एक बार फिर से लॉच करना चाहिए,5,Other,0.6,Engagement,0.5,positive,positive Other review,fallback_classification,very_positive,positive
"not good app. tripper is very laggy. it disconnect in every 2-3 minutes, even not showing turns prop",2,Performance,0.6,User Retention,0.5,negative,negative Performance review,fallback_classification,negative,negative
"it says now this app is not compatible with my device, i was perfectly fine using it before, kindly ",3,Other,0.6,Engagement,0.5,neutral,neutral Other review,fallback_classification,neutral,neutral
"worst application I have ever used, it takes a long time to open, once you open navigation you can't",1,Bugs,0.6,User Retention,0.5,negative,negative Bugs review,fallback_classification,very_negative,negative
fix the malware,1,Bugs,0.6,User Retention,0.5,negative,negative Bugs review,fallback_classification,very_negative,negative
"app is not optimized, drained 50% of my s24 ultra battery in a span of 2 hrs, I own a super meteor 6",1,Performance,0.6,User Retention,0.5,negative,negative Performance review,fallback_classification,very_negative,negative
Getting malware notification of samsung tab and mobile while installing.,1,Features,0.6,Engagement,0.5,negative,negative Features review,fallback_classification,very_negative,negative
The app is good for navigation. Now it needs more updates and New features for Hunter 350!,5,UI/UX,0.6,Engagement,0.5,positive,positive UI/UX review,fallback_classification,very_positive,positive
Not That Great,2,Other,0.6,Engagement,0.5,negative,negative Other review,fallback_classification,negative,negative
i would like to say is it possible to download some maps for offline purposes as when entering fores,3,UI/UX,0.6,Engagement,0.5,neutral,neutral UI/UX review,fallback_classification,neutral,neutral
It was a very bad experience in this app. One time I literally ended up in circles. One time it was ,1,Other,0.6,Engagement,0.5,negative,negative Other review,fallback_classification,very_negative,negative
this app is not working to bullet models. use less,1,Bugs,0.6,User Retention,0.5,negative,negative Bugs review,fallback_classification,very_negative,negative
smooth like cherry.,5,Other,0.6,Engagement,0.5,positive,positive Other review,fallback_classification,very_positive,positive
2025 New Classic 350 Byke light bohot ganda hai aur horn ka switch bohot kharap kiya hai company ko ,1,Bugs,0.6,User Retention,0.5,negative,negative Bugs review,fallback_classification,very_negative,negative
Himalayan 450 - The map feature in the digital console is very good and a great feature in the Himal,3,Performance,0.6,User Retention,0.5,neutral,neutral Performance review,fallback_classification,neutral,neutral
This app is not compatible with my oppo A16(CPH2421) This is the first app which is showing not comp,1,Other,0.6,Engagement,0.5,negative,negative Other review,fallback_classification,very_negative,negative
don't buy royal enfield showroom and online store. very cheapest product,1,Customer_Support,0.6,Brand Trust,0.5,negative,negative Customer_Support review,fallback_classification,very_negative,negative
I have purchased my new Meteor 350. unfortunately tripper navigation is not working. Even after turn,2,Billing,0.6,Revenue,0.5,negative,negative Billing review,fallback_classification,negative,negative
great place to have bullets and other royal Enfield convoy.,5,Other,0.6,Engagement,0.5,positive,positive Other review,fallback_classification,very_positive,positive
"The App is really good, but has room for improvement. I had booked a service for Saturday but when I",2,Bugs,0.6,User Retention,0.5,negative,negative Bugs review,fallback_classification,negative,negative
good love one,3,Other,0.6,Engagement,0.5,neutral,neutral Other review,fallback_classification,neutral,neutral
This app drain my mobile battery 40% within 40 minutes. this app only works if the phone screen is o,1,Performance,0.6,User Retention,0.5,negative,negative Performance review,fallback_classification,very_negative,negative
Phone calls doesn't show in the metre even the app is connected in Guerrilla 450 please fix this,3,Bugs,0.6,User Retention,0.5,neutral,neutral Bugs review,fallback_classification,neutral,neutral
worst app it's not properly shows the details,1,Other,0.6,Engagement,0.5,negative,negative Other review,fallback_classification,very_negative,negative
should be able to connect to Navigation display without battery optimisation,2,Performance,0.6,User Retention,0.5,negative,negative Performance review,fallback_classification,negative,negative
"I rarely leave reviews, but this experience was frustrating enough to warrant one. I contacted custo",1,Bugs,0.6,User Retention,0.5,negative,negative Bugs review,fallback_classification,very_negative,negative
I am a existing owner off RE Himalayan 450. The RE has increased the value off tube less rim which i,1,Other,0.6,Engagement,0.5,negative,negative Other review,fallback_classification,very_negative,negative
absolutely waste of time app. can't believe it is so difficult to connect. the most pathetic experie,1,Billing,0.6,Revenue,0.5,negative,negative Billing review,fallback_classification,very_negative,negative
great experience of Royal Enfield bike .Third bike we are purchasing..,5,Other,0.6,Engagement,0.5,positive,positive Other review,fallback_classification,very_positive,positive
I'm trying to book service but it's showing always ongoing service how i need to book service,1,Customer_Support,0.6,Brand Trust,0.5,negative,negative Customer_Support review,fallback_classification,very_negative,negative
"It's been a year since Re launched the himmi 450, still they didn't fix their mobile cast problem, K",1,Performance,0.6,User Retention,0.5,negative,negative Performance review,fallback_classification,very_negative,negative
I am all permissions Allowed but it is not running,1,Other,0.6,Engagement,0.5,negative,negative Other review,fallback_classification,very_negative,negative
very poor app. such a waste of time. no real time location. it shown miles away updated location eve,1,Billing,0.6,Revenue,0.5,negative,negative Billing review,fallback_classification,very_negative,negative
"Heats up my phone pretty quickly, especially with navigation",1,UI/UX,0.6,Engagement,0.5,negative,negative UI/UX review,fallback_classification,very_negative,negative
very unstable app... Apps keeps throwing error. unable to see our linked vehicles in My RE section.,1,Bugs,0.6,User Retention,0.5,negative,negative Bugs review,fallback_classification,very_negative,negative
"When i got my shotgun in June, this app worked great then. But after 6 months, the app, the wingman ",2,UI/UX,0.6,Engagement,0.5,negative,negative UI/UX review,fallback_classification,negative,negative
Not installing in Android version 12.0.0,1,Other,0.6,Engagement,0.5,negative,negative Other review,fallback_classification,very_negative,negative
so many bugs in this app.. can't book service in this app,1,Bugs,0.6,User Retention,0.5,negative,negative Bugs review,fallback_classification,very_negative,negative
very nyc,5,Other,0.6,Engagement,0.5,positive,positive Other review,fallback_classification,very_positive,positive
good app but not working,5,Bugs,0.6,User Retention,0.5,positive,positive Bugs review,fallback_classification,very_positive,positive
while updating to latest version google play store showing that it's have malware what to do?,4,Other,0.6,Engagement,0.5,positive,positive Other review,fallback_classification,positive,positive
supar,5,Other,0.6,Engagement,0.5,positive,positive Other review,fallback_classification,very_positive,positive
Enjoying by riding the Royal Enfield hunter,5,Other,0.6,Engagement,0.5,positive,positive Other review,fallback_classification,very_positive,positive
please improve.,1,Other,0.6,Engagement,0.5,negative,negative Other review,fallback_classification,very_negative,negative
who this app is not compatible for my mobil i sm also owner of emerald green classic 350? mobil vivo,1,Other,0.6,Engagement,0.5,negative,negative Other review,fallback_classification,very_negative,negative
good app for royal Enfield,5,Other,0.6,Engagement,0.5,positive,positive Other review,fallback_classification,very_positive,positive
there is no option to purchase the Road Side Assistance from the Mobile Application. please make pro,1,Billing,0.6,Revenue,0.5,negative,negative Billing review,fallback_classification,very_negative,negative
"Great app for Navigation. It was having connectivity issue, but after talking to the project Manager",5,Bugs,0.6,User Retention,0.5,positive,positive Bugs review,fallback_classification,very_positive,positive
The apps interface is neat but it is highly unoptimised. The battery drains really fast while naviga,2,Performance,0.6,User Retention,0.5,negative,negative Performance review,fallback_classification,negative,negative
does not let me remove my old bike and add new one,1,Features,0.6,Engagement,0.5,negative,negative Features review,fallback_classification,very_negative,negative
App is great for navigation without using mobile phone unless there is some lag as mentioned in prev,3,Performance,0.6,User Retention,0.5,neutral,neutral Performance review,fallback_classification,neutral,neutral
not download,1,Other,0.6,Engagement,0.5,negative,negative Other review,fallback_classification,very_negative,negative
"Massive battery draining and heating issues occur while you open the navigation, meanwhile you can't",1,Performance,0.6,User Retention,0.5,negative,negative Performance review,fallback_classification,very_negative,negative
I'm so blessed to be with this Royal Enfield showroom,5,Customer_Support,0.6,Brand Trust,0.5,positive,positive Customer_Support review,fallback_classification,very_positive,positive
"worst app😢,,,, it's so lag",2,Performance,0.6,User Retention,0.5,negative,negative Performance review,fallback_classification,negative,negative
there's a clear drop in the quality of the app like it used to show the next service due and the sta,1,Performance,0.6,User Retention,0.5,negative,negative Performance review,fallback_classification,very_negative,negative
unable to add my bike. Getting technical error. this problem makes the app useless.,1,Bugs,0.6,User Retention,0.5,negative,negative Bugs review,fallback_classification,very_negative,negative
Unable to book service on the app for the past 3 months. It keeps going to a random previous service,1,Billing,0.6,Revenue,0.5,negative,negative Billing review,fallback_classification,very_negative,negative
app not working properly for past 1 month,2,Bugs,0.6,User Retention,0.5,negative,negative Bugs review,fallback_classification,negative,negative
best app to customise your bike,5,Other,0.6,Engagement,0.5,positive,positive Other review,fallback_classification,very_positive,positive
It has been a very good experience after buying Royal Enfield,5,Other,0.6,Engagement,0.5,positive,positive Other review,fallback_classification,very_positive,positive
connection breaks with triper with in 1 min of ride start,1,Features,0.6,Engagement,0.5,negative,negative Features review,fallback_classification,very_negative,negative
"I am using the navigation app with my Meteor 350 Staller, and I have noticed some issues that requir",2,Bugs,0.6,User Retention,0.5,negative,negative Bugs review,fallback_classification,negative,negative
worst service,1,Customer_Support,0.6,Brand Trust,0.5,negative,negative Customer_Support review,fallback_classification,very_negative,negative
pathetic the app freezes and doesn't go away from the screen which makes the phone unusable. The pho,1,Performance,0.6,User Retention,0.5,negative,negative Performance review,fallback_classification,very_negative,negative
Why dont you show map route for trips? Its much needed feature to visualize the trips,3,Features,0.6,Engagement,0.5,neutral,neutral Features review,fallback_classification,neutral,neutral
I completed a solo ride from Delhi to Mumbai on my Himalayan 450. Faced major issues with the Royal ,3,Performance,0.6,User Retention,0.5,neutral,neutral Performance review,fallback_classification,neutral,neutral
"app is laggy , nearly useless , eats up battery of my phone and some buttons don't even work. like t",1,Performance,0.6,User Retention,0.5,negative,negative Performance review,fallback_classification,very_negative,negative
mokka,1,Other,0.6,Engagement,0.5,negative,negative Other review,fallback_classification,very_negative,negative
a1 sarvice,5,Other,0.6,Engagement,0.5,positive,positive Other review,fallback_classification,very_positive,positive
"Cannot book sercice. It shows a message ""Sorry, somthing went wrong. Please try again later.""",1,Other,0.6,Engagement,0.5,negative,negative Other review,fallback_classification,very_negative,negative
Defective piece sale dhone automobile in pune new Royal Enfield 350 supernova meteor fork oil leakag,1,Security,0.6,Brand Trust,0.5,negative,negative Security review,fallback_classification,very_negative,negative
unable to download previous service bills. it shows invoice number and all..but there is no download,3,Customer_Support,0.6,Brand Trust,0.5,neutral,neutral Customer_Support review,fallback_classification,neutral,neutral
"Whenever I start the bike, the tipper disconnects and then reconnects by entering the code again and",1,Other,0.6,Engagement,0.5,negative,negative Other review,fallback_classification,very_negative,negative
suprb,5,Other,0.6,Engagement,0.5,positive,positive Other review,fallback_classification,very_positive,positive
drains battery like crazy,2,Performance,0.6,User Retention,0.5,negative,negative Performance review,fallback_classification,negative,negative
good service royal Enfield app,5,Customer_Support,0.6,Brand Trust,0.5,positive,positive Customer_Support review,fallback_classification,very_positive,positive
"extremely slow app. by the time when it shows turn , already past 20 30 metre and because of that I ",1,Performance,0.6,User Retention,0.5,negative,negative Performance review,fallback_classification,very_negative,negative
"Please take this review seriously. The app consumes a significant amount of battery power, even when",1,Performance,0.6,User Retention,0.5,negative,negative Performance review,fallback_classification,very_negative,negative
App is not compatible with my phone. tripper navigation is not working as the app shuts down by itse,1,Bugs,0.6,User Retention,0.5,negative,negative Bugs review,fallback_classification,very_negative,negative
Pathetic app doesn't load any page with full images and all details. my bike still shows in service ,1,Customer_Support,0.6,Brand Trust,0.5,negative,negative Customer_Support review,fallback_classification,very_negative,negative
"I am not able to use tripper navigation. An alert is coming, how to get away with the alert?",1,UI/UX,0.6,Engagement,0.5,negative,negative UI/UX review,fallback_classification,very_negative,negative
useless application,1,Other,0.6,Engagement,0.5,negative,negative Other review,fallback_classification,very_negative,negative
"my device is unable to install up to android 12 , can you please update it a bit so it can also supp",3,Customer_Support,0.6,Brand Trust,0.5,neutral,neutral Customer_Support review,fallback_classification,neutral,neutral
not even starting...trash app,1,Other,0.6,Engagement,0.5,negative,negative Other review,fallback_classification,very_negative,negative
VERY BAD I'm surprised that what kind of developer RE appointed it's totally brainless developes... ,1,Bugs,0.6,User Retention,0.5,negative,negative Bugs review,fallback_classification,very_negative,negative
This app really needs to get location and direction correct. waste of space and features in an aweso,1,Features,0.6,Engagement,0.5,negative,negative Features review,fallback_classification,very_negative,negative
"Every time I'm putting a location for the tripper pod, after sometime it will get stuck in one locat",2,Performance,0.6,User Retention,0.5,negative,negative Performance review,fallback_classification,negative,negative
"Using GPS with my himalyane 450, it can be made to better integrate with the existing Google maps. I",4,Features,0.6,Engagement,0.5,positive,positive Features review,fallback_classification,positive,positive
It's loading from 10 minute I can't configure,1,Performance,0.6,User Retention,0.5,negative,negative Performance review,fallback_classification,very_negative,negative
"1. There is a lag in the tripper Navigation. Every time a 20 meter distance lag is seen, by the time",1,Performance,0.6,User Retention,0.5,negative,negative Performance review,fallback_classification,very_negative,negative
"I’ve spent a significant amount on the Himalayan 450, but the experience with the Royal Enfield app—",1,Performance,0.6,User Retention,0.5,negative,negative Performance review,fallback_classification,very_negative,negative
"App is running too slow, need improvement.",2,Performance,0.6,User Retention,0.5,negative,negative Performance review,fallback_classification,negative,negative
⭐⭐⭐⭐⭐⭐⭐,5,Other,0.6,Engagement,0.5,positive,positive Other review,fallback_classification,very_positive,positive
Update your tripper Navigator software. it's very slow. add ETA and KM remaining also in Tripper nav,2,Performance,0.6,User Retention,0.5,negative,negative Performance review,fallback_classification,negative,negative
please add spare parts booking through aap..,1,Features,0.6,Engagement,0.5,negative,negative Features review,fallback_classification,very_negative,negative
offline maps would be the better choice instead of keeping the data turned on for long time,3,Security,0.6,Brand Trust,0.5,neutral,neutral Security review,fallback_classification,neutral,neutral
standad bullet batalion is osam,5,Other,0.6,Engagement,0.5,positive,positive Other review,fallback_classification,very_positive,positive
"All the time it's loading ""My RE""",1,Performance,0.6,User Retention,0.5,negative,negative Performance review,fallback_classification,very_negative,negative
बहुत ज्यादा समय लगता है इस ऐप से कुछ भी जानने के लिए बहुत ही धीमा ऐप है ठीक कीजिए मजाक मत बनाए रॉयल ,1,Other,0.6,Engagement,0.5,negative,negative Other review,fallback_classification,very_negative,negative
developer should work on it . too slow to use wingman on it . useless app doesn't work properly then,1,Performance,0.6,User Retention,0.5,negative,negative Performance review,fallback_classification,very_negative,negative
really Disappointed with this.I love the bike but hate this application,1,Other,0.6,Engagement,0.5,negative,negative Other review,fallback_classification,very_negative,negative
சார் நேவிகேஷன் மேப் மொபைல் போன்ல வர மாதிரி காமிச்சா நல்லா இருக்கும். அந்த ஏரோ மார்க் கரெக்ட் டைமிங்க,1,Other,0.6,Engagement,0.5,negative,negative Other review,fallback_classification,very_negative,negative
Why offer online payment through the app if the service centers don’t accept it? I ended up making a,1,Billing,0.6,Revenue,0.5,negative,negative Billing review,fallback_classification,very_negative,negative
"Phone overheating when connected to the map, and doesn't work properly",1,Bugs,0.6,User Retention,0.5,negative,negative Bugs review,fallback_classification,very_negative,negative
"If you love motorcycles, you will love this app. I use it for locating service centre, bike service ",5,Customer_Support,0.6,Brand Trust,0.5,positive,positive Customer_Support review,fallback_classification,very_positive,positive
Stupid Update!!!! Unable to Navigate because of the app battery saver error. Even if the app battery,1,Performance,0.6,User Retention,0.5,negative,negative Performance review,fallback_classification,very_negative,negative
Good 🥰😘,5,Other,0.6,Engagement,0.5,positive,positive Other review,fallback_classification,very_positive,positive
The experience is not great with the app. Not able to reschedule bike service.,2,Customer_Support,0.6,Brand Trust,0.5,negative,negative Customer_Support review,fallback_classification,negative,negative
most of the time it didn't connect every ask for an update,1,Features,0.6,Engagement,0.5,negative,negative Features review,fallback_classification,very_negative,negative
കടുത്ത ആഗ്രഹം മനുഷ്യനെ ചിലത് സ്വപ്നം കാണാൻ പഠിപ്പിക്കും. അതിലൊന്നിനുള്ള കാത്തിരിപ്പിൽ..........,4,Other,0.6,Engagement,0.5,positive,positive Other review,fallback_classification,positive,positive
unable to login into the application. Very shameful it is that one of the bizarre motorcycling compa,1,Bugs,0.6,User Retention,0.5,negative,negative Bugs review,fallback_classification,very_negative,negative
unable to login and unable to connect to device.,1,Bugs,0.6,User Retention,0.5,negative,negative Bugs review,fallback_classification,very_negative,negative
"dysfunctional, useless",2,Other,0.6,Engagement,0.5,negative,negative Other review,fallback_classification,negative,negative
very good,4,Other,0.6,Engagement,0.5,positive,positive Other review,fallback_classification,positive,positive
Such a waste app from Royal enfield. I can't book a service through this application. We can't even ,1,Customer_Support,0.6,Brand Trust,0.5,negative,negative Customer_Support review,fallback_classification,very_negative,negative
"व्हाट्सएप पर आयी हुई लोकेशन, सीधे आपके रॉयल एनफील्ड नेवीगेशन मैप में नहीं खुल पाती हैं_ जैसे कोई भी ",2,Other,0.6,Engagement,0.5,negative,negative Other review,fallback_classification,negative,negative
Purchased bike 2 day ago but after installing this app i found app is useless because it's to slow a,4,Billing,0.6,Revenue,0.5,positive,positive Billing review,fallback_classification,positive,positive
Worst experience with the App it never track the order.,1,Other,0.6,Engagement,0.5,negative,negative Other review,fallback_classification,very_negative,negative
App is very slow. it never responds. half of the time app has some or the other issue,2,Performance,0.6,User Retention,0.5,negative,negative Performance review,fallback_classification,negative,negative
Unused app. also Ajjas device bechana band Kar do. all money is waste.,1,Billing,0.6,Revenue,0.5,negative,negative Billing review,fallback_classification,very_negative,negative
The testing team is amazing they personally messaged me about the bugs and kept asking about the fee,5,Billing,0.6,Revenue,0.5,positive,positive Billing review,fallback_classification,very_positive,positive
Any place found on crome can not be shared to this app. can not even share Google maps directions to,1,UI/UX,0.6,Engagement,0.5,negative,negative UI/UX review,fallback_classification,very_negative,negative
In the beginning there was no issues.But now the app says it is no longer compatible with my device ,1,Bugs,0.6,User Retention,0.5,negative,negative Bugs review,fallback_classification,very_negative,negative
I can't even login . While trying to login showing message as email already used (then please provid,1,Bugs,0.6,User Retention,0.5,negative,negative Bugs review,fallback_classification,very_negative,negative
Huge battery issue with S24 ultra. the app keeps running in background and heats the phone and consu,1,Performance,0.6,User Retention,0.5,negative,negative Performance review,fallback_classification,very_negative,negative
The app fails send message to indicate engine switch on and switch off which previously it did.,1,Bugs,0.6,User Retention,0.5,negative,negative Bugs review,fallback_classification,very_negative,negative
This device is showing not compatible to your device..,1,Other,0.6,Engagement,0.5,negative,negative Other review,fallback_classification,very_negative,negative
good 💯 👍🫡,5,Other,0.6,Engagement,0.5,positive,positive Other review,fallback_classification,very_positive,positive
My bike rear tyre was stucked and issue resolved by RE team . Team is skilled and supportive,5,Performance,0.6,User Retention,0.5,positive,positive Performance review,fallback_classification,very_positive,positive
Extremely Disappointed with Royal Enfield Nomadic Bikes’ Service! Pune I gave my bike for servicing ,1,Customer_Support,0.6,Brand Trust,0.5,negative,negative Customer_Support review,fallback_classification,very_negative,negative
may be improved!,4,Other,0.6,Engagement,0.5,positive,positive Other review,fallback_classification,positive,positive
this app not installed in below android 12 version.so please update for Android 11 version.,1,Features,0.6,Engagement,0.5,negative,negative Features review,fallback_classification,very_negative,negative
super super super 👍🏻,5,Other,0.6,Engagement,0.5,positive,positive Other review,fallback_classification,very_positive,positive
i bought huter 350 bike yesterday. It is one of my dream bike. I am really so much happy with this b,4,Bugs,0.6,User Retention,0.5,positive,positive Bugs review,fallback_classification,positive,positive
My RE just keep loading even with stable interest,2,Performance,0.6,User Retention,0.5,negative,negative Performance review,fallback_classification,negative,negative
app went to not compatible mode to install,1,Other,0.6,Engagement,0.5,negative,negative Other review,fallback_classification,very_negative,negative
Extremely slow even on 100 mpbs fibre optic network or 5G network. most things just don't work like ,1,Performance,0.6,User Retention,0.5,negative,negative Performance review,fallback_classification,very_negative,negative
most third class app not showing vehicle details i.e servicing and etc,1,Other,0.6,Engagement,0.5,negative,negative Other review,fallback_classification,very_negative,negative
There is no option to cancel/reschedule the service appointment. I had reported this over email and ,1,Customer_Support,0.6,Brand Trust,0.5,negative,negative Customer_Support review,fallback_classification,very_negative,negative
It has gud service and very responsive to our call. which is most important thing in Business. 👍🏻,5,Customer_Support,0.6,Brand Trust,0.5,positive,positive Customer_Support review,fallback_classification,very_positive,positive
It takes the car route only. There are many roads where bikes are not allowed but the app by default,3,Performance,0.6,User Retention,0.5,neutral,neutral Performance review,fallback_classification,neutral,neutral
worst app ever I have installed.,1,Other,0.6,Engagement,0.5,negative,negative Other review,fallback_classification,very_negative,negative
pathetic app not even able to book a service from the app.,1,Customer_Support,0.6,Brand Trust,0.5,negative,negative Customer_Support review,fallback_classification,very_negative,negative
"worst app, they don't even listen to any complaint. and service centre people charge any amount with",1,Billing,0.6,Revenue,0.5,negative,negative Billing review,fallback_classification,very_negative,negative
love it,5,Other,0.6,Engagement,0.5,positive,positive Other review,fallback_classification,very_positive,positive
world class bike company has third class app... simply can't do anything after opening the app. plz ,1,Other,0.6,Engagement,0.5,negative,negative Other review,fallback_classification,very_negative,negative
"The Royal Enfield App is painfully slow. Every action comes with long loading screens, and most of t",1,Billing,0.6,Revenue,0.5,negative,negative Billing review,fallback_classification,very_negative,negative
"I am not able to book a service appointment from the app. What's the use of the app, if it doesn't d",1,Customer_Support,0.6,Brand Trust,0.5,negative,negative Customer_Support review,fallback_classification,very_negative,negative
Needs improvement in a big way. firstly the app should allow to turn off screen lock and use all fea,1,Performance,0.6,User Retention,0.5,negative,negative Performance review,fallback_classification,very_negative,negative
please let me know if there is any difference between the price shown on the app and at the dealersh,3,Billing,0.6,Revenue,0.5,neutral,neutral Billing review,fallback_classification,neutral,neutral
App does not work properly at all. Even not able to add the bike it just keeps on buffering. Uninsta,1,Bugs,0.6,User Retention,0.5,negative,negative Bugs review,fallback_classification,very_negative,negative
lagging prob,3,Performance,0.6,User Retention,0.5,neutral,neutral Performance review,fallback_classification,neutral,neutral
very nice experience to purchase a Bullet,5,Billing,0.6,Revenue,0.5,positive,positive Billing review,fallback_classification,very_positive,positive
👍🏻 good,5,Other,0.6,Engagement,0.5,positive,positive Other review,fallback_classification,very_positive,positive
need to fix some bug and unstability,1,Bugs,0.6,User Retention,0.5,negative,negative Bugs review,fallback_classification,very_negative,negative
The Wi-Fi doesn’t connect to the home network after I close the app. It won’t connect to the home ne,5,Features,0.6,Engagement,0.5,positive,positive Features review,fallback_classification,very_positive,positive
untrained Customer Support - 10 mails and 9 irrelevant answers. no wonder why you have 3 stars and t,1,Customer_Support,0.6,Brand Trust,0.5,negative,negative Customer_Support review,fallback_classification,very_negative,negative
Super,5,Other,0.6,Engagement,0.5,positive,positive Other review,fallback_classification,very_positive,positive
DIY and Bluetooth connection with bike is always an issue.,3,Bugs,0.6,User Retention,0.5,neutral,neutral Bugs review,fallback_classification,neutral,neutral
Everytime failing to connect with tripper navigation and gives error unsuccess connect. Developer sh,1,Bugs,0.6,User Retention,0.5,negative,negative Bugs review,fallback_classification,very_negative,negative
Pathetic bike and pathetic experience. in just 8 months I have to taken 3 so called free services. T,1,Billing,0.6,Revenue,0.5,negative,negative Billing review,fallback_classification,very_negative,negative
Before I was using Poco F1 phone and now I've switched to iQOO 12. It's been more than a month but I,3,Performance,0.6,User Retention,0.5,neutral,neutral Performance review,fallback_classification,neutral,neutral
I am very happy to my first time buy Royal ENFIELD very good 👍,5,Other,0.6,Engagement,0.5,positive,positive Other review,fallback_classification,very_positive,positive
Unable to work on this application,1,Other,0.6,Engagement,0.5,negative,negative Other review,fallback_classification,very_negative,negative
in previous version of your application it shows the next service date update right now dont show it,1,Billing,0.6,Revenue,0.5,negative,negative Billing review,fallback_classification,very_negative,negative
need to improve connectivity problem,1,Bugs,0.6,User Retention,0.5,negative,negative Bugs review,fallback_classification,very_negative,negative
"this app isn't working on my device - realme 6 pro. can't use the tripper, Whenever I start the navi",1,UI/UX,0.6,Engagement,0.5,negative,negative UI/UX review,fallback_classification,very_negative,negative
"I cant download this app,",1,Other,0.6,Engagement,0.5,negative,negative Other review,fallback_classification,very_negative,negative
App was good to use but sometimes some glitches appears and the app is slow too,4,Performance,0.6,User Retention,0.5,positive,positive Performance review,fallback_classification,positive,positive
The app is good. The only problem I face when I connect the Google map is it doesn't show the ETA fo,3,Bugs,0.6,User Retention,0.5,neutral,neutral Bugs review,fallback_classification,neutral,neutral
can't do anything properly too many problems in the app.. Disappointed,1,Bugs,0.6,User Retention,0.5,negative,negative Bugs review,fallback_classification,very_negative,negative
"Used this app for a trip yesterday but haven't used it today, and it consumed 27% of my battery in b",2,Performance,0.6,User Retention,0.5,negative,negative Performance review,fallback_classification,negative,negative
worst app automatically getting close when we are using time with in 1mins. after software update,1,Features,0.6,Engagement,0.5,negative,negative Features review,fallback_classification,very_negative,negative
It would be great if there is offline map so with only bluetooth connectivity we can navigate,2,Features,0.6,Engagement,0.5,negative,negative Features review,fallback_classification,negative,negative
My dear developer if you dont know to develop i will develop the loading is taking lot of time and t,1,Performance,0.6,User Retention,0.5,negative,negative Performance review,fallback_classification,very_negative,negative
Not available for my device. I am using realme X2.,1,Other,0.6,Engagement,0.5,negative,negative Other review,fallback_classification,very_negative,negative
Lacking issues,1,Bugs,0.6,User Retention,0.5,negative,negative Bugs review,fallback_classification,very_negative,negative
Very good,5,Other,0.6,Engagement,0.5,positive,positive Other review,fallback_classification,very_positive,positive
No options to add service centre review. Limited functionality.,1,Customer_Support,0.6,Brand Trust,0.5,negative,negative Customer_Support review,fallback_classification,very_negative,negative
No configurator for stealth black reborn classic 350,1,Features,0.6,Engagement,0.5,negative,negative Features review,fallback_classification,very_negative,negative
App is not compatible with the phone,1,Other,0.6,Engagement,0.5,negative,negative Other review,fallback_classification,very_negative,negative
Very good service sales.,5,Customer_Support,0.6,Brand Trust,0.5,positive,positive Customer_Support review,fallback_classification,very_positive,positive
"Ignition on off notification is not working on my super meteor 650, when I showed it to the service ",1,Security,0.6,Brand Trust,0.5,negative,negative Security review,fallback_classification,very_negative,negative
Why is it no longer compatible with samsung note 9?should we buy new biles just coz ur app isnt comp,1,Other,0.6,Engagement,0.5,negative,negative Other review,fallback_classification,very_negative,negative
Good rispons,5,Other,0.6,Engagement,0.5,positive,positive Other review,fallback_classification,very_positive,positive
Unable to login otp error,3,Security,0.6,Brand Trust,0.5,neutral,neutral Security review,fallback_classification,neutral,neutral
I can't use this app from last 6 months . My set is Samsung A50. Can u help? This app is not compati,1,Other,0.6,Engagement,0.5,negative,negative Other review,fallback_classification,very_negative,negative
"Tripper pod device does not get connected. If somehow you get it connected, the navigation does not ",1,Performance,0.6,User Retention,0.5,negative,negative Performance review,fallback_classification,very_negative,negative
I am using Meteor 350 and while using navigation system via RE app always getting error device not c,1,Bugs,0.6,User Retention,0.5,negative,negative Bugs review,fallback_classification,very_negative,negative
Best bike,5,Other,0.6,Engagement,0.5,positive,positive Other review,fallback_classification,very_positive,positive
The RE Wingman app has major functionality issues. For the past few days for my SM650 trip details a,3,Performance,0.6,User Retention,0.5,neutral,neutral Performance review,fallback_classification,neutral,neutral
Good👍👍👍👍👍,5,Other,0.6,Engagement,0.5,positive,positive Other review,fallback_classification,very_positive,positive
Very slow aap most useless,1,Performance,0.6,User Retention,0.5,negative,negative Performance review,fallback_classification,very_negative,negative
"This app is not working , unable to connect to my phone. Please fix the app asap.",1,Bugs,0.6,User Retention,0.5,negative,negative Bugs review,fallback_classification,very_negative,negative
In navigation، No option to add a stop. Consume heavy power.,2,UI/UX,0.6,Engagement,0.5,negative,negative UI/UX review,fallback_classification,negative,negative
Perfect,5,Other,0.6,Engagement,0.5,positive,positive Other review,fallback_classification,very_positive,positive
Not update proper timely details...,1,Features,0.6,Engagement,0.5,negative,negative Features review,fallback_classification,very_negative,negative
"This app is not able install in vivo 1933. Previously it works, but now it is not working and not ba",1,Bugs,0.6,User Retention,0.5,negative,negative Bugs review,fallback_classification,very_negative,negative
Please update the version of Himalayan 411 Tripper Pod.,5,Features,0.6,Engagement,0.5,positive,positive Features review,fallback_classification,very_positive,positive
"I've a Himalaya 450. Recently, the app has not been showing the map on the bike. The app displayed a",1,Bugs,0.6,User Retention,0.5,negative,negative Bugs review,fallback_classification,very_negative,negative
Varat sarvice,1,Other,0.6,Engagement,0.5,negative,negative Other review,fallback_classification,very_negative,negative
Connecting so lazy,2,Other,0.6,Engagement,0.5,negative,negative Other review,fallback_classification,negative,negative
Unable to install the new version app in my sqmsung Galaxy a50 phone,1,Other,0.6,Engagement,0.5,negative,negative Other review,fallback_classification,very_negative,negative
Heating my phone,3,Other,0.6,Engagement,0.5,neutral,neutral Other review,fallback_classification,neutral,neutral
"For configuration of bikes is good,the main problem its lagging sometimes ,and I order a bike and bo",2,Performance,0.6,User Retention,0.5,negative,negative Performance review,fallback_classification,negative,negative
The app force closes itself when you start navigation. And the team doenst seem to care to fix it,1,Performance,0.6,User Retention,0.5,negative,negative Performance review,fallback_classification,very_negative,negative
"You guys should definitely update the app, I mean the recent overhaul was good, but along with it ca",2,Bugs,0.6,User Retention,0.5,negative,negative Bugs review,fallback_classification,negative,negative
Want to get the tubeless wheels on my existing Himalayan.. There's no option to get one. If asked an,2,Features,0.6,Engagement,0.5,negative,negative Features review,fallback_classification,negative,negative
App is failing for meteor bike. It shows a popup which says that the app should be removed from batt,1,Performance,0.6,User Retention,0.5,negative,negative Performance review,fallback_classification,very_negative,negative
Spotify not working from this app. Iphone disconnected automatically from the app. I had ios latest ,2,Bugs,0.6,User Retention,0.5,negative,negative Bugs review,fallback_classification,negative,negative
Samsung galaxy a30 app not comfortable isko sahi kare or all vargan me install karneka kam kariye,4,Other,0.6,Engagement,0.5,positive,positive Other review,fallback_classification,positive,positive
The worst possible application ever developed by any motorcycle brand. After updating it's just not ,5,Customer_Support,0.6,Brand Trust,0.5,positive,positive Customer_Support review,fallback_classification,very_positive,positive
Pls add feature next service date for bikes,5,Customer_Support,0.6,Brand Trust,0.5,positive,positive Customer_Support review,fallback_classification,very_positive,positive
Useless app. Payment doesn't work. Pathetic UI,1,Billing,0.6,Revenue,0.5,negative,negative Billing review,fallback_classification,very_negative,negative
Wingman App is useless app. I contacted the support team with the issues I'm facing with this app..h,1,Bugs,0.6,User Retention,0.5,negative,negative Bugs review,fallback_classification,very_negative,negative
Very useful app,5,Other,0.6,Engagement,0.5,positive,positive Other review,fallback_classification,very_positive,positive
After the new update you are not able to track your New bike puchase anymore. What downgrade is this,1,Billing,0.6,Revenue,0.5,negative,negative Billing review,fallback_classification,very_negative,negative
"Disconnecting after few minutes or hours, no option to navigate from location links, pair contact na",1,Features,0.6,Engagement,0.5,negative,negative Features review,fallback_classification,very_negative,negative
I'm unable to login to my account. I'm being redirected to the Sign up page but when added the crede,1,Bugs,0.6,User Retention,0.5,negative,negative Bugs review,fallback_classification,very_negative,negative
Pathetic,1,Other,0.6,Engagement,0.5,negative,negative Other review,fallback_classification,very_negative,negative
"When connected to navigation with bike consuming most of battery of phone , approx after 30 mins of ",2,Performance,0.6,User Retention,0.5,negative,negative Performance review,fallback_classification,negative,negative
always loading,1,Performance,0.6,User Retention,0.5,negative,negative Performance review,fallback_classification,very_negative,negative
Why isn't this available for OnePlus 7T?,1,Other,0.6,Engagement,0.5,negative,negative Other review,fallback_classification,very_negative,negative
Decent layout but navigation on Himalayan 450 is unreliable as app shuts down on its own,3,UI/UX,0.6,Engagement,0.5,neutral,neutral UI/UX review,fallback_classification,neutral,neutral
Trips that are merged can't be unmerged. And trips can't be deleted as well. There needs to be a sim,3,Features,0.6,Engagement,0.5,neutral,neutral Features review,fallback_classification,neutral,neutral
"Third class service of RE. At the time of selling bikes or extended warranty, your promise that ever",1,Bugs,0.6,User Retention,0.5,negative,negative Bugs review,fallback_classification,very_negative,negative
Worst Customer services ever i had seen with royal enfield and their Bike dealers. They all are just,1,Billing,0.6,Revenue,0.5,negative,negative Billing review,fallback_classification,very_negative,negative
"The app started crashing when I tried to use navigation. Now, it shows that it is not compatible wit",3,Performance,0.6,User Retention,0.5,neutral,neutral Performance review,fallback_classification,neutral,neutral
Most underrated app... Suddenly closed.. Suddenly menu changed... This is not expected from such a b,1,Performance,0.6,User Retention,0.5,negative,negative Performance review,fallback_classification,very_negative,negative
This app does not support Google Pixel 6a mobile.,1,Customer_Support,0.6,Brand Trust,0.5,negative,negative Customer_Support review,fallback_classification,very_negative,negative
The app unable to configure the bike properly even the showcased accessories also not applicable. Th,2,Security,0.6,Brand Trust,0.5,negative,negative Security review,fallback_classification,negative,negative
Issue on service Booking,2,Bugs,0.6,User Retention,0.5,negative,negative Bugs review,fallback_classification,negative,negative
"App is not opening, automatic getting closed unable to use this app",1,Performance,0.6,User Retention,0.5,negative,negative Performance review,fallback_classification,very_negative,negative
Not support in my mobile showing mobile not compatible for this version,1,Customer_Support,0.6,Brand Trust,0.5,negative,negative Customer_Support review,fallback_classification,very_negative,negative
Hello Royal Enfield my vehicle doesn't show on your app. Can't configure my vehicle. Why does it not,1,Features,0.6,Engagement,0.5,negative,negative Features review,fallback_classification,very_negative,negative
The app isn't compatible with my device anymore please fix the issue. My device is Realme X2 Pro wit,1,Bugs,0.6,User Retention,0.5,negative,negative Bugs review,fallback_classification,very_negative,negative
"Tripper update, user manual buttons are not working.",3,Bugs,0.6,User Retention,0.5,neutral,neutral Bugs review,fallback_classification,neutral,neutral
Very nice experience,5,Other,0.6,Engagement,0.5,positive,positive Other review,fallback_classification,very_positive,positive
I have Android phone and not able to download the app as it says app cannot download in your device.,1,Other,0.6,Engagement,0.5,negative,negative Other review,fallback_classification,very_negative,negative
Not working,2,Bugs,0.6,User Retention,0.5,negative,negative Bugs review,fallback_classification,negative,negative
The maps barely works lmao,1,Features,0.6,Engagement,0.5,negative,negative Features review,fallback_classification,very_negative,negative
I am not able to install this app. Is there any other way to connect my bike tripper navigator . The,1,Bugs,0.6,User Retention,0.5,negative,negative Bugs review,fallback_classification,very_negative,negative
I can't download this app,1,Other,0.6,Engagement,0.5,negative,negative Other review,fallback_classification,very_negative,negative
App getting stuck when trying to open navigation even after connecting with tripper ...,1,Performance,0.6,User Retention,0.5,negative,negative Performance review,fallback_classification,very_negative,negative
In this app map automatically gets disconnected on travelling and gets struck,2,Features,0.6,Engagement,0.5,negative,negative Features review,fallback_classification,negative,negative
"Extremely slow, and does not support many of the android devices such as Samsung A50. Tipper navigat",1,Performance,0.6,User Retention,0.5,negative,negative Performance review,fallback_classification,very_negative,negative
"Waste of time, if you want to make an app for booking service, tracking and ease of getting informat",1,Bugs,0.6,User Retention,0.5,negative,negative Bugs review,fallback_classification,very_negative,negative
"I liked the old version better , new version of the app has lots of bugs , and my old service histor",1,Bugs,0.6,User Retention,0.5,negative,negative Bugs review,fallback_classification,very_negative,negative
Not supporting,1,Customer_Support,0.6,Brand Trust,0.5,negative,negative Customer_Support review,fallback_classification,very_negative,negative
Not able to book service through app. When I tap on the book now button it spins for few mins and br,1,Customer_Support,0.6,Brand Trust,0.5,negative,negative Customer_Support review,fallback_classification,very_negative,negative
app not running on my phone your app is incompatible in my phone device,1,Other,0.6,Engagement,0.5,negative,negative Other review,fallback_classification,very_negative,negative
Very good experience,5,Other,0.6,Engagement,0.5,positive,positive Other review,fallback_classification,very_positive,positive
Login issue and slowest app,1,Performance,0.6,User Retention,0.5,negative,negative Performance review,fallback_classification,very_negative,negative
We are experiencing a technical issue. Please try again or check back in some time. Three months fac,1,Bugs,0.6,User Retention,0.5,negative,negative Bugs review,fallback_classification,very_negative,negative
Not support befor android 11,1,Customer_Support,0.6,Brand Trust,0.5,negative,negative Customer_Support review,fallback_classification,very_negative,negative
"I would like to report a small issue. On my Profile > Orders and Transactions screen, there are two ",2,Billing,0.6,Revenue,0.5,negative,negative Billing review,fallback_classification,negative,negative
"Can't even press ok on the navigation page popup, so can't pair with my tripper dash",1,UI/UX,0.6,Engagement,0.5,negative,negative UI/UX review,fallback_classification,very_negative,negative
It is showing its not compatible with my android mobile which is having Android version 11. What is ,1,Other,0.6,Engagement,0.5,negative,negative Other review,fallback_classification,very_negative,negative
Good 👍,4,Other,0.6,Engagement,0.5,positive,positive Other review,fallback_classification,positive,positive
Not user friendly after upgrading.,1,UI/UX,0.6,Engagement,0.5,negative,negative UI/UX review,fallback_classification,very_negative,negative
"Why app not connecting to my device ? & Also can't to install for my android phone, After sharing th",1,Bugs,0.6,User Retention,0.5,negative,negative Bugs review,fallback_classification,very_negative,negative
Worst customer service. I can't onboard my vehicle due to technical issues from their end. And even ,1,Bugs,0.6,User Retention,0.5,negative,negative Bugs review,fallback_classification,very_negative,negative
"Over all good experience, All issues resolved in day",5,Bugs,0.6,User Retention,0.5,positive,positive Bugs review,fallback_classification,very_positive,positive
"App is too slow and the fuel indicator that is visible in app is not working for me , it always show",1,Performance,0.6,User Retention,0.5,negative,negative Performance review,fallback_classification,very_negative,negative
"I can't install Royal Enfield app on my phone and it shows ""This phone isn't compatible with this ap",1,Performance,0.6,User Retention,0.5,negative,negative Performance review,fallback_classification,very_negative,negative
Nice👍,5,Other,0.6,Engagement,0.5,positive,positive Other review,fallback_classification,very_positive,positive
"App was working fine till yesterday, today getting error like app not compatible. What happened",1,Bugs,0.6,User Retention,0.5,negative,negative Bugs review,fallback_classification,very_negative,negative
Lol it is showing that app is not appropriate for my mobile and there is no install option,1,Features,0.6,Engagement,0.5,negative,negative Features review,fallback_classification,very_negative,negative
Can't selecte service center,1,Customer_Support,0.6,Brand Trust,0.5,negative,negative Customer_Support review,fallback_classification,very_negative,negative
Very poor app experience than previous version,1,Other,0.6,Engagement,0.5,negative,negative Other review,fallback_classification,very_negative,negative
I want to know that for which purpose you made your RE Application? I can't book even a service. The,1,Billing,0.6,Revenue,0.5,negative,negative Billing review,fallback_classification,very_negative,negative
"Pathetic service, they took 4 days just to find the fault in my bike (hunter) which got breakdown an",1,Billing,0.6,Revenue,0.5,negative,negative Billing review,fallback_classification,very_negative,negative
I know your bikes are good but I don't like that you have removed the kick from your 350 bike. Becau,4,Billing,0.6,Revenue,0.5,positive,positive Billing review,fallback_classification,positive,positive
Painfully slow. Needs lot of refinement when it comes to selecting add ons. It's requires mountain o,3,Performance,0.6,User Retention,0.5,neutral,neutral Performance review,fallback_classification,neutral,neutral
Service history stuck.. no use at all,1,Performance,0.6,User Retention,0.5,negative,negative Performance review,fallback_classification,very_negative,negative
Can't book slot for service,1,Customer_Support,0.6,Brand Trust,0.5,negative,negative Customer_Support review,fallback_classification,very_negative,negative
Most of the mobiles are not supported by this app. What to do,3,Customer_Support,0.6,Brand Trust,0.5,neutral,neutral Customer_Support review,fallback_classification,neutral,neutral
The navigation inbuilt with this is absolute useless. Directions shows even if in 5G network. Direct,2,UI/UX,0.6,Engagement,0.5,negative,negative UI/UX review,fallback_classification,negative,negative
total garbage very slow..... app glitch glitch everywhere,1,Performance,0.6,User Retention,0.5,negative,negative Performance review,fallback_classification,very_negative,negative
"I was able to use the Royal Enfield app on my Moto G10 Power phone in November, but now I'm unable t",1,Other,0.6,Engagement,0.5,negative,negative Other review,fallback_classification,very_negative,negative
It tells the app is not compatible with my smartphone. So bad,1,Other,0.6,Engagement,0.5,negative,negative Other review,fallback_classification,very_negative,negative
I don't see locate your machine and trip summary screens in the latest App. I recently bought supern,1,Bugs,0.6,User Retention,0.5,negative,negative Bugs review,fallback_classification,very_negative,negative
Earlier app was not functioning properly and now it is not compatible with OnePlus 8T!!!,1,Other,0.6,Engagement,0.5,negative,negative Other review,fallback_classification,very_negative,negative
Very good 👍😊,5,Other,0.6,Engagement,0.5,positive,positive Other review,fallback_classification,very_positive,positive
Rsa not working,1,Bugs,0.6,User Retention,0.5,negative,negative Bugs review,fallback_classification,very_negative,negative
supar,1,Other,0.6,Engagement,0.5,negative,negative Other review,fallback_classification,very_negative,negative
Can't even book a service after recent update. Due date is also gone. Please fix this.,1,Bugs,0.6,User Retention,0.5,negative,negative Bugs review,fallback_classification,very_negative,negative
Very gud experience,5,Other,0.6,Engagement,0.5,positive,positive Other review,fallback_classification,very_positive,positive
"I just serviced my him 411,this was amazing service.thanks vijay sir for personal monitoring",5,Customer_Support,0.6,Brand Trust,0.5,positive,positive Customer_Support review,fallback_classification,very_positive,positive
"Getting error msg in the app saying this device is not compatible with this version of app, tripper ",1,Bugs,0.6,User Retention,0.5,negative,negative Bugs review,fallback_classification,very_negative,negative
Always hang,1,Performance,0.6,User Retention,0.5,negative,negative Performance review,fallback_classification,very_negative,negative
need to improve,5,Features,0.6,Engagement,0.5,positive,positive Features review,fallback_classification,very_positive,positive
A new update this app not supported in my device what should I do,1,Customer_Support,0.6,Brand Trust,0.5,negative,negative Customer_Support review,fallback_classification,very_negative,negative
Can't connect to my Himalayan 450 with my phone (Realme X2 Pro). It keeps crashing whenever I try to,1,Performance,0.6,User Retention,0.5,negative,negative Performance review,fallback_classification,very_negative,negative
Slow app user interfaces littel bit lacky sometimes need an update,3,Performance,0.6,User Retention,0.5,neutral,neutral Performance review,fallback_classification,neutral,neutral
Trip history is not showing maps after the recent update,3,Features,0.6,Engagement,0.5,neutral,neutral Features review,fallback_classification,neutral,neutral
"With the new update, there is no log in option. It always goes to sign up and asks me to enter new m",1,Features,0.6,Engagement,0.5,negative,negative Features review,fallback_classification,very_negative,negative
I am writing to express my extreme frustration with the current state of the Royal Enfield app. Ever,1,Performance,0.6,User Retention,0.5,negative,negative Performance review,fallback_classification,very_negative,negative
"Ever since the latest update, the RSA booking function has stopped working because the app can't fet",2,Bugs,0.6,User Retention,0.5,negative,negative Bugs review,fallback_classification,negative,negative
Map is not working properly... Swifting direction middle of the way.. proper map location not displa,2,Bugs,0.6,User Retention,0.5,negative,negative Bugs review,fallback_classification,negative,negative
It is showing not compatible with OPPO.A54. I am unable to use tripper navigation services,1,Customer_Support,0.6,Brand Trust,0.5,negative,negative Customer_Support review,fallback_classification,very_negative,negative
Not showing my linked vehicle,1,Other,0.6,Engagement,0.5,negative,negative Other review,fallback_classification,very_negative,negative
Not working in my android 11. It just stopped today.,1,Bugs,0.6,User Retention,0.5,negative,negative Bugs review,fallback_classification,very_negative,negative
Better,5,Other,0.6,Engagement,0.5,positive,positive Other review,fallback_classification,very_positive,positive
"Edit: fixed the issue Why can't book service appointment from app? When I click the book now button,",3,Bugs,0.6,User Retention,0.5,neutral,neutral Bugs review,fallback_classification,neutral,neutral
"The App is perfect. Minor issue on tripper dash connection, and it was resolved by RE technical team",5,Bugs,0.6,User Retention,0.5,positive,positive Bugs review,fallback_classification,very_positive,positive
"Developer Since the recent update, your app is no longer supported on my OnePlus 6T (Android 11), th",1,Billing,0.6,Revenue,0.5,negative,negative Billing review,fallback_classification,very_negative,negative
When we want to add motorcycle it is not adding despite trying multiple time. Even when we try to lo,1,Features,0.6,Engagement,0.5,negative,negative Features review,fallback_classification,very_negative,negative
Firstmumbairestore is worst. Staff has very bad attitude. The bill which came from Royal Enfield had,1,Customer_Support,0.6,Brand Trust,0.5,negative,negative Customer_Support review,fallback_classification,very_negative,negative
Really loved the app and customer service.,5,Customer_Support,0.6,Brand Trust,0.5,positive,positive Customer_Support review,fallback_classification,very_positive,positive
Always get crashed. Couldn't book a service,1,Performance,0.6,User Retention,0.5,negative,negative Performance review,fallback_classification,very_negative,negative
App not working.... Very worst...,1,Bugs,0.6,User Retention,0.5,negative,negative Bugs review,fallback_classification,very_negative,negative
"Now it's not working in hunter 350, showing error calculating and not showing the route",1,Bugs,0.6,User Retention,0.5,negative,negative Bugs review,fallback_classification,very_negative,negative
After the latest update the bookings are jumbled up . I had a cancelled booking and one which is ong,3,Features,0.6,Engagement,0.5,neutral,neutral Features review,fallback_classification,neutral,neutral
Service History is showing Invoice number and date. Cannot view the invoice details nor the service ,3,Customer_Support,0.6,Brand Trust,0.5,neutral,neutral Customer_Support review,fallback_classification,neutral,neutral
I am unable to raise an issue with this app during a breakdown. Whenever I go for raise issue it kee,1,Billing,0.6,Revenue,0.5,negative,negative Billing review,fallback_classification,very_negative,negative
Excellent 👍,5,Other,0.6,Engagement,0.5,positive,positive Other review,fallback_classification,very_positive,positive
"App open show splash screen then shutdown, no user friendly menus",3,UI/UX,0.6,Engagement,0.5,neutral,neutral UI/UX review,fallback_classification,neutral,neutral
"Why my app doesn't show the ignition on or off and also the last parked data, offline parked data an",3,Security,0.6,Brand Trust,0.5,neutral,neutral Security review,fallback_classification,neutral,neutral
I don't have RE bike but I registered my number on RE app then I see thunderbird 350 registered on m,5,Bugs,0.6,User Retention,0.5,positive,positive Bugs review,fallback_classification,very_positive,positive
My device not supported this version.what i do to trash navigation meter👎,1,Customer_Support,0.6,Brand Trust,0.5,negative,negative Customer_Support review,fallback_classification,very_negative,negative
Automatically close,1,Other,0.6,Engagement,0.5,negative,negative Other review,fallback_classification,very_negative,negative
This app is only usefull for new Royal Enfield bike but not for old bike I have bs3 classic 350 so i,2,Other,0.6,Engagement,0.5,negative,negative Other review,fallback_classification,negative,negative
Not installing on my Redmi k20 pro phone.,1,Other,0.6,Engagement,0.5,negative,negative Other review,fallback_classification,very_negative,negative
I bought a new bear 650 and can't connect my phone. Whats the reason? It says my device isn't compat,1,Other,0.6,Engagement,0.5,negative,negative Other review,fallback_classification,very_negative,negative
Worst app,1,Other,0.6,Engagement,0.5,negative,negative Other review,fallback_classification,very_negative,negative
"order and transactiobs have lot of bugs. Its showing ""delivery by null"" for my new bike booking. If ",1,Bugs,0.6,User Retention,0.5,negative,negative Bugs review,fallback_classification,very_negative,negative
Good experience,4,Other,0.6,Engagement,0.5,positive,positive Other review,fallback_classification,positive,positive
IN RSA the location doesnot capture at all.,1,Other,0.6,Engagement,0.5,negative,negative Other review,fallback_classification,very_negative,negative
Worst app maintanance If turned on GPS location Still its showing check u r location settings to ena,2,Features,0.6,Engagement,0.5,negative,negative Features review,fallback_classification,negative,negative
This is app is very much more than waste. I had booked accessories for my bike and made payment as w,1,Security,0.6,Brand Trust,0.5,negative,negative Security review,fallback_classification,very_negative,negative
App not working in my any mobile after download it always closes automatically and in some phones it,1,Performance,0.6,User Retention,0.5,negative,negative Performance review,fallback_classification,very_negative,negative
Worst app.. could not even access the accesories ordered from this app..,1,Security,0.6,Brand Trust,0.5,negative,negative Security review,fallback_classification,very_negative,negative
The new update has fixed the tripper.. hopefully no more bugs. P.S - We want similar gps like that o,4,Bugs,0.6,User Retention,0.5,positive,positive Bugs review,fallback_classification,positive,positive
After update of App it is not showing real time location and my trips,2,Features,0.6,Engagement,0.5,negative,negative Features review,fallback_classification,negative,negative
Unable to book service after the latest update. Whats the point of adding thousands of new features ,5,Bugs,0.6,User Retention,0.5,positive,positive Bugs review,fallback_classification,very_positive,positive
Wrong model name entered in my Bike recent service.,1,Customer_Support,0.6,Brand Trust,0.5,negative,negative Customer_Support review,fallback_classification,very_negative,negative
Good for map....,5,Features,0.6,Engagement,0.5,positive,positive Features review,fallback_classification,very_positive,positive
"The apps keeps screen awake, even if force shut the screen, the app drains battery too much. Also th",1,Performance,0.6,User Retention,0.5,negative,negative Performance review,fallback_classification,very_negative,negative
Not working this application?,1,Bugs,0.6,User Retention,0.5,negative,negative Bugs review,fallback_classification,very_negative,negative
Very nice,5,Other,0.6,Engagement,0.5,positive,positive Other review,fallback_classification,very_positive,positive
"All good. Just cannot find wingman, inignition and bike location in the app for guerrilla 450",4,Other,0.6,Engagement,0.5,positive,positive Other review,fallback_classification,positive,positive
"In this latest update, ""verify spare parts genuine"" feature removed. Kindly reactivate that feature ",3,UI/UX,0.6,Engagement,0.5,neutral,neutral UI/UX review,fallback_classification,neutral,neutral
Guide me to my motorcycle is not working.,3,Bugs,0.6,User Retention,0.5,neutral,neutral Bugs review,fallback_classification,neutral,neutral
Some time not working,1,Bugs,0.6,User Retention,0.5,negative,negative Bugs review,fallback_classification,very_negative,negative
app is showing not compatible with my phone how come this will happen here is my phone details Redmi,5,UI/UX,0.6,Engagement,0.5,positive,positive UI/UX review,fallback_classification,very_positive,positive
I like this app but you should show and kept all the information like insurance and pollution too..i,4,Features,0.6,Engagement,0.5,positive,positive Features review,fallback_classification,positive,positive
App is not compatible with some of the Android phone after the update.,1,Features,0.6,Engagement,0.5,negative,negative Features review,fallback_classification,very_negative,negative
Awasome,5,Other,0.6,Engagement,0.5,positive,positive Other review,fallback_classification,very_positive,positive
Very bad app. Unable to order parts,2,Other,0.6,Engagement,0.5,negative,negative Other review,fallback_classification,negative,negative
This app can't connect with my bike's tripper navigation and also i putt location on this app and ap,2,UI/UX,0.6,Engagement,0.5,negative,negative UI/UX review,fallback_classification,negative,negative
This app is not compatible with moto one fusion+,1,Other,0.6,Engagement,0.5,negative,negative Other review,fallback_classification,very_negative,negative
"Worst app, there is no feedback and complaint raising options. Always promoting brand and activities",1,Billing,0.6,Revenue,0.5,negative,negative Billing review,fallback_classification,very_negative,negative
Why your app is not working our android phone . Previously when I brought my motorbike then it's wor,1,Bugs,0.6,User Retention,0.5,negative,negative Bugs review,fallback_classification,very_negative,negative
It shows me that your phone is not compatible for this app,1,Other,0.6,Engagement,0.5,negative,negative Other review,fallback_classification,very_negative,negative
The new updated version doesn't show my order details. I recently purchased a Himalayan 450 and I ca,3,Billing,0.6,Revenue,0.5,neutral,neutral Billing review,fallback_classification,neutral,neutral
BOOK SERVICE IS NOT WORKING AFTER UPDATE,2,Bugs,0.6,User Retention,0.5,negative,negative Bugs review,fallback_classification,negative,negative
Not working on my phone. What to do?,1,Bugs,0.6,User Retention,0.5,negative,negative Bugs review,fallback_classification,very_negative,negative
What is this team now your app show your device isn't complete with this version,1,Other,0.6,Engagement,0.5,negative,negative Other review,fallback_classification,very_negative,negative
Not able to update the app nor able ro reinstall it,1,Features,0.6,Engagement,0.5,negative,negative Features review,fallback_classification,very_negative,negative
Poor app,1,Other,0.6,Engagement,0.5,negative,negative Other review,fallback_classification,very_negative,negative
"The app is ok, however one cannot order parts or any merch independently. The navigation is useless ",2,Performance,0.6,User Retention,0.5,negative,negative Performance review,fallback_classification,negative,negative
RSA IS NOT WORKING,1,Bugs,0.6,User Retention,0.5,negative,negative Bugs review,fallback_classification,very_negative,negative
"Roadside assistance is stuck on ""device location not captured"" despite providing all permissions and",3,Performance,0.6,User Retention,0.5,neutral,neutral Performance review,fallback_classification,neutral,neutral
"After update,now the app is optimised and running smoothly. Thanks to RE disappointed.....when used ",4,Performance,0.6,User Retention,0.5,positive,positive Performance review,fallback_classification,positive,positive
RSA booking not working. Unable to track location. Unable to book service.,3,Bugs,0.6,User Retention,0.5,neutral,neutral Bugs review,fallback_classification,neutral,neutral
I installed the app from playstore . But after an update it was not working. Uninstalled it and trie,2,Bugs,0.6,User Retention,0.5,negative,negative Bugs review,fallback_classification,negative,negative
They don't listen to your problem. They just denies. No help from service centre. No help from RSA. ,1,Billing,0.6,Revenue,0.5,negative,negative Billing review,fallback_classification,very_negative,negative
"I have been using the app over 6months, now the app has started crashing when connecting to my Himal",1,Performance,0.6,User Retention,0.5,negative,negative Performance review,fallback_classification,very_negative,negative
Need a serious updation for improving battery usage.,1,Performance,0.6,User Retention,0.5,negative,negative Performance review,fallback_classification,very_negative,negative
Crashing continuously,1,Performance,0.6,User Retention,0.5,negative,negative Performance review,fallback_classification,very_negative,negative
Apps design and concept is good but it's always showing something went wrong.,2,UI/UX,0.6,Engagement,0.5,negative,negative UI/UX review,fallback_classification,negative,negative
After the recent update. I'm not able to view my order history. It shows a login now button in confi,3,Security,0.6,Brand Trust,0.5,neutral,neutral Security review,fallback_classification,neutral,neutral
"Lots of issue in new app, I have even emailed the support team but jn vain",1,Bugs,0.6,User Retention,0.5,negative,negative Bugs review,fallback_classification,very_negative,negative
Very nice this app,5,Other,0.6,Engagement,0.5,positive,positive Other review,fallback_classification,very_positive,positive
Supar,5,Other,0.6,Engagement,0.5,positive,positive Other review,fallback_classification,very_positive,positive
Battery Killer. My phone's battery went from 100 to 0 in 8 hours. 48% battery consumption was this a,2,Performance,0.6,User Retention,0.5,negative,negative Performance review,fallback_classification,negative,negative
I used to connect the tripper navigation till October 2024. Now the app is updated to a latest versi,1,Bugs,0.6,User Retention,0.5,negative,negative Bugs review,fallback_classification,very_negative,negative
Why it's not working or unable for my device plz help I need this app,1,Bugs,0.6,User Retention,0.5,negative,negative Bugs review,fallback_classification,very_negative,negative
10 Bar Call kr Bataya Ki meri Bike Ka Ignition off Hi Bata Raha hai App me Aur metre reading 0000 Ba,1,Bugs,0.6,User Retention,0.5,negative,negative Bugs review,fallback_classification,very_negative,negative
"Good app for Royal Enfield bikes. Provides details of events, offers, stores, service centers and pr",5,Customer_Support,0.6,Brand Trust,0.5,positive,positive Customer_Support review,fallback_classification,very_positive,positive
"I have a bullet 350 , today there is a problem in self start so I want road side assistant for this ",1,Bugs,0.6,User Retention,0.5,negative,negative Bugs review,fallback_classification,very_negative,negative
"The app is extremely slow. It takes an eternity to sync with Wingman. Edit: After the new update, th",4,Performance,0.6,User Retention,0.5,positive,positive Performance review,fallback_classification,positive,positive
App keeps closing after this update. Unable to open.,1,Features,0.6,Engagement,0.5,negative,negative Features review,fallback_classification,very_negative,negative
App keep crashing when navigation switched.,1,Performance,0.6,User Retention,0.5,negative,negative Performance review,fallback_classification,very_negative,negative
"Not able to sign in after updating the app, Whenever I am trying to get in it asks for Mobile number",1,Bugs,0.6,User Retention,0.5,negative,negative Bugs review,fallback_classification,very_negative,negative
Lots of bugs and battery draining while connecting,2,Performance,0.6,User Retention,0.5,negative,negative Performance review,fallback_classification,negative,negative
How can one trust on this company if ur new meteor 350 is having starting pblm after 12km of running,1,Performance,0.6,User Retention,0.5,negative,negative Performance review,fallback_classification,very_negative,negative
Phone is over heating which is not feasible for long rides.,2,Other,0.6,Engagement,0.5,negative,negative Other review,fallback_classification,negative,negative
Back to the same unusable app now. It's getting really frustrating. Why do your sales folks at Enfie,1,Other,0.6,Engagement,0.5,negative,negative Other review,fallback_classification,very_negative,negative
"In updated app, accessories configuration is been removed. If we need to buy an accessories for pre-",2,Security,0.6,Brand Trust,0.5,negative,negative Security review,fallback_classification,negative,negative
"I have Android 11 phone but it still says, app isn't compatible, is there anything that can help? Is",3,UI/UX,0.6,Engagement,0.5,neutral,neutral UI/UX review,fallback_classification,neutral,neutral
It shows that the app is not compatible with my device what rubbish I use a one plus 6 t,1,Other,0.6,Engagement,0.5,negative,negative Other review,fallback_classification,very_negative,negative
Good app but when i connect my himalya bike mobile is too hot pls this app run in lock screen in bac,4,UI/UX,0.6,Engagement,0.5,positive,positive UI/UX review,fallback_classification,positive,positive
Everyone is facing same issue(mobile overheating) while using this app for navigation but till now n,1,Bugs,0.6,User Retention,0.5,negative,negative Bugs review,fallback_classification,very_negative,negative
Earlier I was able to see the bike details. Those are gone after the update. Please fix it ASAP.,2,Bugs,0.6,User Retention,0.5,negative,negative Bugs review,fallback_classification,negative,negative
While booking service application is not responding to current location it itself take an default lo,2,Performance,0.6,User Retention,0.5,negative,negative Performance review,fallback_classification,negative,negative
Purnea kamahya motors pe service ke book 3 din phaile Kiya .kal (26 nov 2024)ka tha 12 baje . Waha h,1,Customer_Support,0.6,Brand Trust,0.5,negative,negative Customer_Support review,fallback_classification,very_negative,negative
App is currently unable to set dark mode for the tripper pod of Super Meteor 650.,1,UI/UX,0.6,Engagement,0.5,negative,negative UI/UX review,fallback_classification,very_negative,negative
This one keeps crashing. You can literally nominate this app for Most laggy and buggiest app of the ,1,Performance,0.6,User Retention,0.5,negative,negative Performance review,fallback_classification,very_negative,negative
"The updates did not had any basic testing it is crashing and I can't use music or anything now, fix ",1,Performance,0.6,User Retention,0.5,negative,negative Performance review,fallback_classification,very_negative,negative
I installed and used the app in my phone for past two years now the app say it's not compatible for ,1,Features,0.6,Engagement,0.5,negative,negative Features review,fallback_classification,very_negative,negative
The new UI is good but i cant find the page of accessories booked ..and also a lot of information re,3,Security,0.6,Brand Trust,0.5,neutral,neutral Security review,fallback_classification,neutral,neutral
Very good 👍,5,Other,0.6,Engagement,0.5,positive,positive Other review,fallback_classification,very_positive,positive
Allowing us to cast the map onto the bike with the phone screen locked would make this app perfect i,4,Bugs,0.6,User Retention,0.5,positive,positive Bugs review,fallback_classification,positive,positive
Essay to handle and nice UI,5,UI/UX,0.6,Engagement,0.5,positive,positive UI/UX review,fallback_classification,very_positive,positive
"I am unable to install the Royal Enfield tripper nevigation app. This is showing me error message "" ",2,Bugs,0.6,User Retention,0.5,negative,negative Bugs review,fallback_classification,negative,negative
"New update logged me out from the app. Had to log in again. Deleted all my saved location, my servic",2,Customer_Support,0.6,Brand Trust,0.5,negative,negative Customer_Support review,fallback_classification,negative,negative
Nice app with good user experience.,5,Other,0.6,Engagement,0.5,positive,positive Other review,fallback_classification,very_positive,positive
the app update was great!! happy with it.,5,Features,0.6,Engagement,0.5,positive,positive Features review,fallback_classification,very_positive,positive
The update is really good and intuitive.,5,UI/UX,0.6,Engagement,0.5,positive,positive UI/UX review,fallback_classification,very_positive,positive
Good. Trust updat is amazing,5,Other,0.6,Engagement,0.5,positive,positive Other review,fallback_classification,very_positive,positive
Sir old aap not supported redmi note 8 pro mobile and updated aap not supported android version 11. ,4,Customer_Support,0.6,Brand Trust,0.5,positive,positive Customer_Support review,fallback_classification,positive,positive
The navigation needs to improve as when we start it and unlock the phone then the navigation stops w,4,UI/UX,0.6,Engagement,0.5,positive,positive UI/UX review,fallback_classification,positive,positive
Not rating coz if its fixed then its a perfect app the lastest update had a lot of bugs like my bike,3,Performance,0.6,User Retention,0.5,neutral,neutral Performance review,fallback_classification,neutral,neutral
I uninstalled the app because it wasn't working properly; whenever I connected my phone to the speed,1,Performance,0.6,User Retention,0.5,negative,negative Performance review,fallback_classification,very_negative,negative
"Because of mobile screen keep open, Phone getting too hot and shows warning message to shut down the",1,Billing,0.6,Revenue,0.5,negative,negative Billing review,fallback_classification,very_negative,negative
Very Good App,5,Other,0.6,Engagement,0.5,positive,positive Other review,fallback_classification,very_positive,positive
UI looks nice after the update but accessories configurator option went missing after ghe the update,3,Security,0.6,Brand Trust,0.5,neutral,neutral Security review,fallback_classification,neutral,neutral
It's not supporting the navigation. The showroom boy suggest to buy a new phone to availing navigati,1,Customer_Support,0.6,Brand Trust,0.5,negative,negative Customer_Support review,fallback_classification,very_negative,negative
I had exceptional experience using the recent update. In app features are really good. UI is very at,5,UI/UX,0.6,Engagement,0.5,positive,positive UI/UX review,fallback_classification,very_positive,positive
"The recent ui is very good, the home screen is very eye catching 🙂. The updated version is more bett",5,UI/UX,0.6,Engagement,0.5,positive,positive UI/UX review,fallback_classification,very_positive,positive
App is awesome with Navigation and Booking features,5,UI/UX,0.6,Engagement,0.5,positive,positive UI/UX review,fallback_classification,very_positive,positive
"The app crashes everytime when clicked ""Start Navigation"". Don't know where is the issue. But if its",1,Performance,0.6,User Retention,0.5,negative,negative Performance review,fallback_classification,very_negative,negative
While connecting with application and give navigation application automatically exit cannot use prop,1,UI/UX,0.6,Engagement,0.5,negative,negative UI/UX review,fallback_classification,very_negative,negative
"Very slow, unresponsive, takes a lot of time to load anything. No realtime updates. Take time in syn",2,Security,0.6,Brand Trust,0.5,negative,negative Security review,fallback_classification,negative,negative
Good response,5,Customer_Support,0.6,Brand Trust,0.5,positive,positive Customer_Support review,fallback_classification,very_positive,positive
Android 15 not working battery optimization permission please fix it,1,Performance,0.6,User Retention,0.5,negative,negative Performance review,fallback_classification,very_negative,negative
"Very bad Experience from Royal Enfield I have Hunter 350 , just 8 month before I purchased after 150",1,Billing,0.6,Revenue,0.5,negative,negative Billing review,fallback_classification,very_negative,negative
Earlier app was working reasonably well.. Recently they updated it... Now its the worst possible exp,1,Performance,0.6,User Retention,0.5,negative,negative Performance review,fallback_classification,very_negative,negative
Not good,1,Other,0.6,Engagement,0.5,negative,negative Other review,fallback_classification,very_negative,negative
Navigation glitch,1,Bugs,0.6,User Retention,0.5,negative,negative Bugs review,fallback_classification,very_negative,negative
Select state and city option not working on RE APP for booking the servicing,3,Bugs,0.6,User Retention,0.5,neutral,neutral Bugs review,fallback_classification,neutral,neutral
Unable to load my bike details it always load.,1,Other,0.6,Engagement,0.5,negative,negative Other review,fallback_classification,very_negative,negative
Don't work,1,Other,0.6,Engagement,0.5,negative,negative Other review,fallback_classification,very_negative,negative
supperbb,5,Other,0.6,Engagement,0.5,positive,positive Other review,fallback_classification,very_positive,positive
Usefull app,5,Other,0.6,Engagement,0.5,positive,positive Other review,fallback_classification,very_positive,positive
Poor tracking of ordered product. They keep moving tentative delivery date of bike on app. Overall t,1,Customer_Support,0.6,Brand Trust,0.5,negative,negative Customer_Support review,fallback_classification,very_negative,negative
"Out dated app. doesn't record trip summaries, lag in the connection. Sometimes have to switch of the",1,Performance,0.6,User Retention,0.5,negative,negative Performance review,fallback_classification,very_negative,negative
No accurate navigation in tripper,1,UI/UX,0.6,Engagement,0.5,negative,negative UI/UX review,fallback_classification,very_negative,negative
not working. App disconnects after clicking on start navigation. tried number of times not working.,1,Bugs,0.6,User Retention,0.5,negative,negative Bugs review,fallback_classification,very_negative,negative
Customer support on phone and email has improved.,4,Customer_Support,0.6,Brand Trust,0.5,positive,positive Customer_Support review,fallback_classification,positive,positive
I am unable to view DIY for classic 350 2020 model.,4,Other,0.6,Engagement,0.5,positive,positive Other review,fallback_classification,positive,positive
My experience was too bad from royal Enfield They charged for everything like service parts and exch,1,Billing,0.6,Revenue,0.5,negative,negative Billing review,fallback_classification,very_negative,negative
Regarding servicing,1,Other,0.6,Engagement,0.5,negative,negative Other review,fallback_classification,very_negative,negative
"One of the useless apps on Play Store,phone is heating like hell when you connect this app with bike",1,Security,0.6,Brand Trust,0.5,negative,negative Security review,fallback_classification,very_negative,negative
Not working tripper navigation while I started and set where to go that time this app automatically ,1,Bugs,0.6,User Retention,0.5,negative,negative Bugs review,fallback_classification,very_negative,negative
"App needs lot of work, launched without proper R&D. Mostly after selecting start Navigation it disco",1,Performance,0.6,User Retention,0.5,negative,negative Performance review,fallback_classification,very_negative,negative
One of the worst app for Himalayan 450. It's a pocket heater if we use this for the Himalayan 450.,1,Other,0.6,Engagement,0.5,negative,negative Other review,fallback_classification,very_negative,negative
I don't know what happened with the app but when I am trying to login in to my RE account using my p,3,Security,0.6,Brand Trust,0.5,neutral,neutral Security review,fallback_classification,neutral,neutral
Navigation is connected but application restart again. I can't connect my navigation my gun grey new,1,UI/UX,0.6,Engagement,0.5,negative,negative UI/UX review,fallback_classification,very_negative,negative
Nice app but the new UI for editing motorcycle configurations and viewing existing configurations is,3,Performance,0.6,User Retention,0.5,neutral,neutral Performance review,fallback_classification,neutral,neutral
I am not able to book a service through this app in Bangalore. This is the app where they want to se,1,Billing,0.6,Revenue,0.5,negative,negative Billing review,fallback_classification,very_negative,negative
Very bad experience. It's keep disconnecting while driving using tripper navigation.,1,UI/UX,0.6,Engagement,0.5,negative,negative UI/UX review,fallback_classification,very_negative,negative
Using it on s22 ultra for H452 maps: 1. Battery dropped from 100% to 60% in 1 hour of drive. 2. Phon,1,Performance,0.6,User Retention,0.5,negative,negative Performance review,fallback_classification,very_negative,negative
When i start navigation feature in himalayan 450..the app crashes,1,Performance,0.6,User Retention,0.5,negative,negative Performance review,fallback_classification,very_negative,negative
"I own a himalyan 450, but when i am trying to navigate through tripper dash, the app is getting cras",1,Performance,0.6,User Retention,0.5,negative,negative Performance review,fallback_classification,very_negative,negative
Onboard issue facing,1,Bugs,0.6,User Retention,0.5,negative,negative Bugs review,fallback_classification,very_negative,negative
Not working properly,1,Bugs,0.6,User Retention,0.5,negative,negative Bugs review,fallback_classification,very_negative,negative
Nice🙏🙏🙏,5,Other,0.6,Engagement,0.5,positive,positive Other review,fallback_classification,very_positive,positive
The configurator update is good! Waiting in excitement for a 100% update on this app.,5,Customer_Support,0.6,Brand Trust,0.5,positive,positive Customer_Support review,fallback_classification,very_positive,positive
Royal Enfield App is crashing every time when I start navigation after entering the destination,1,Performance,0.6,User Retention,0.5,negative,negative Performance review,fallback_classification,very_negative,negative
"Love the new update in the bike customizer, hoping that the rest of the app gets an update",5,Features,0.6,Engagement,0.5,positive,positive Features review,fallback_classification,very_positive,positive
"in the mobility world of two wheeler today where there is absolutely a chaotic situation , Royal Enf",5,UI/UX,0.6,Engagement,0.5,positive,positive UI/UX review,fallback_classification,very_positive,positive
"Re metor navigation connect system is properly not working, always troubling me.",1,Bugs,0.6,User Retention,0.5,negative,negative Bugs review,fallback_classification,very_negative,negative
Excellent but slow process app. Please develop,5,Performance,0.6,User Retention,0.5,positive,positive Performance review,fallback_classification,very_positive,positive
"Amazing love the new update, hoping the whole app gets revamped",5,Features,0.6,Engagement,0.5,positive,positive Features review,fallback_classification,very_positive,positive
"Dear Royal Enfield Team, I've noticed that the Tripper navigation system often fails to show accurat",1,Bugs,0.6,User Retention,0.5,negative,negative Bugs review,fallback_classification,very_negative,negative
"Hi, The app connects to the tripper dash seamlessly, but once I set up a route on Google maps in the",3,Performance,0.6,User Retention,0.5,neutral,neutral Performance review,fallback_classification,neutral,neutral
"Giving even a star is too much for this extremely buggy application , poorly designed and flawed app",1,Bugs,0.6,User Retention,0.5,negative,negative Bugs review,fallback_classification,very_negative,negative
"Just look at the new configurator, and see how much clustered it feels. The old one was far better a",1,Billing,0.6,Revenue,0.5,negative,negative Billing review,fallback_classification,very_negative,negative
Map casting will be useless if the mobile needs to be turned on. Please provide an update with casti,3,Features,0.6,Engagement,0.5,neutral,neutral Features review,fallback_classification,neutral,neutral
"With new update, I can't find the option to configure accessories for existing bike. Configurator sh",3,Security,0.6,Brand Trust,0.5,neutral,neutral Security review,fallback_classification,neutral,neutral
Not able to select the location which I selected before,1,Other,0.6,Engagement,0.5,negative,negative Other review,fallback_classification,very_negative,negative
Can't update... please solve this issue,1,Bugs,0.6,User Retention,0.5,negative,negative Bugs review,fallback_classification,very_negative,negative
Worst Experience 👎,2,Other,0.6,Engagement,0.5,negative,negative Other review,fallback_classification,negative,negative
Again new glitch app auto exit after the set navigation,1,Bugs,0.6,User Retention,0.5,negative,negative Bugs review,fallback_classification,very_negative,negative
Really very much disappointed Full of bugs in connecting navigation tripper Working like a govt app ,1,Bugs,0.6,User Retention,0.5,negative,negative Bugs review,fallback_classification,very_negative,negative
Add more features of Navigation to the pod In my pod when ever I start my bike pod timmings will sta,3,Bugs,0.6,User Retention,0.5,neutral,neutral Bugs review,fallback_classification,neutral,neutral
Was working until I did the software update qnd now whenever I start the navigation the app crashes ,3,Performance,0.6,User Retention,0.5,neutral,neutral Performance review,fallback_classification,neutral,neutral
I only say that please 🙏return old colours of reborn classic 350 I pray to royal Enfield please retu,2,UI/UX,0.6,Engagement,0.5,negative,negative UI/UX review,fallback_classification,negative,negative
Good app,4,Other,0.6,Engagement,0.5,positive,positive Other review,fallback_classification,positive,positive
Good service 👍,5,Customer_Support,0.6,Brand Trust,0.5,positive,positive Customer_Support review,fallback_classification,very_positive,positive
Showing wrong map and closed automatically app,1,Features,0.6,Engagement,0.5,negative,negative Features review,fallback_classification,very_negative,negative
"Bring back old cutomizer view, new one looks clustered...",1,UI/UX,0.6,Engagement,0.5,negative,negative UI/UX review,fallback_classification,very_negative,negative
Not useful.,1,Other,0.6,Engagement,0.5,negative,negative Other review,fallback_classification,very_negative,negative
"Trip navigator never connects, always says scan failed",1,Bugs,0.6,User Retention,0.5,negative,negative Bugs review,fallback_classification,very_negative,negative
app crashed when i start navigation on Tripper.,3,Performance,0.6,User Retention,0.5,neutral,neutral Performance review,fallback_classification,neutral,neutral
"In latest update, I am not able to use navigation when phone is locked. But I had the feature of usi",5,Customer_Support,0.6,Brand Trust,0.5,positive,positive Customer_Support review,fallback_classification,very_positive,positive
I am unable to start navigation. after connecting with Device when I enter location and start journe,1,Performance,0.6,User Retention,0.5,negative,negative Performance review,fallback_classification,very_negative,negative
"I had bought a Royal Enfield Himalayan, and my bike had a puncture. I was stranded alone, but instea",1,Performance,0.6,User Retention,0.5,negative,negative Performance review,fallback_classification,very_negative,negative
When i am trying to navigate the app was crashing and it also show some bug during connection,1,Performance,0.6,User Retention,0.5,negative,negative Performance review,fallback_classification,very_negative,negative
Todays Royal enfield is not a old dhadkan of india .. So my request to younge generation dont go wit,1,Billing,0.6,Revenue,0.5,negative,negative Billing review,fallback_classification,very_negative,negative
App crash's after turning on navigation for himalayan 450. This started happening after the latest u,1,Performance,0.6,User Retention,0.5,negative,negative Performance review,fallback_classification,very_negative,negative
Royal Enfield Classic 350 Stealth black,5,Other,0.6,Engagement,0.5,positive,positive Other review,fallback_classification,very_positive,positive
It is headache to use RE Navigation Features 1st of all it drain your entire mobile battery. What is,2,Performance,0.6,User Retention,0.5,negative,negative Performance review,fallback_classification,negative,negative
This App is always lagging. It's useless App. After connecting to the Tripper Navigation while click,1,Performance,0.6,User Retention,0.5,negative,negative Performance review,fallback_classification,very_negative,negative
Very good service,5,Customer_Support,0.6,Brand Trust,0.5,positive,positive Customer_Support review,fallback_classification,very_positive,positive
Bad expierence happens everytime,2,Other,0.6,Engagement,0.5,negative,negative Other review,fallback_classification,negative,negative
GOOD APP,5,Other,0.6,Engagement,0.5,positive,positive Other review,fallback_classification,very_positive,positive
"The update version 8.0.10 comes with the glitch, in navigation mode once you try to start trip app a",3,Bugs,0.6,User Retention,0.5,neutral,neutral Bugs review,fallback_classification,neutral,neutral
"Dhone service centre Viman Nagar, Pune service is just so poor. Their number on Google is wrong too.",1,Customer_Support,0.6,Brand Trust,0.5,negative,negative Customer_Support review,fallback_classification,very_negative,negative
My RE application only works till get directions step. When clicking start direction step. Applicati,1,Bugs,0.6,User Retention,0.5,negative,negative Bugs review,fallback_classification,very_negative,negative
Very nice vehicle 👌,5,Other,0.6,Engagement,0.5,positive,positive Other review,fallback_classification,very_positive,positive
"Hello RE Team, first of all thank you for this app connectivity, I have been using this from past 6 ",5,Features,0.6,Engagement,0.5,positive,positive Features review,fallback_classification,very_positive,positive
Heating & Battery Drain Issues. Too much heat generated ; too fast battery drain occurs; RE should s,1,Performance,0.6,User Retention,0.5,negative,negative Performance review,fallback_classification,very_negative,negative
This RE app is damn slow.,1,Performance,0.6,User Retention,0.5,negative,negative Performance review,fallback_classification,very_negative,negative
Worst app ever,1,Other,0.6,Engagement,0.5,negative,negative Other review,fallback_classification,very_negative,negative
I have SG but this app does not get timely trip history and other alerts regarding bike.Sometimes tr,2,Performance,0.6,User Retention,0.5,negative,negative Performance review,fallback_classification,negative,negative
It used to update about how much kms I have travelled before the update. But now it doesn't update r,3,Features,0.6,Engagement,0.5,neutral,neutral Features review,fallback_classification,neutral,neutral
"Directions not showing, that blue line of navigation is not showing, when I'll click direction, app ",2,UI/UX,0.6,Engagement,0.5,negative,negative UI/UX review,fallback_classification,negative,negative
"Useless navigation, I bought classic 350 as it had this tripper functionality but it's useless. It g",1,Bugs,0.6,User Retention,0.5,negative,negative Bugs review,fallback_classification,very_negative,negative
"On find route, the route doesn't show and the moment I click on Street navigation, the app shuts dow",1,UI/UX,0.6,Engagement,0.5,negative,negative UI/UX review,fallback_classification,very_negative,negative
Overall excellent,5,Other,0.6,Engagement,0.5,positive,positive Other review,fallback_classification,very_positive,positive
Nice app royal enfield good,5,Other,0.6,Engagement,0.5,positive,positive Other review,fallback_classification,very_positive,positive
Profile not showing,1,Other,0.6,Engagement,0.5,negative,negative Other review,fallback_classification,very_negative,negative
Wanted to give 0 star but could not give that the app is crashing for me whenever I start the naviga,1,Performance,0.6,User Retention,0.5,negative,negative Performance review,fallback_classification,very_negative,negative
Incoming Caller contact should be shown in the tripper when in a ride mode. Here only calling sign i,3,Features,0.6,Engagement,0.5,neutral,neutral Features review,fallback_classification,neutral,neutral
Excellent Service,5,Customer_Support,0.6,Brand Trust,0.5,positive,positive Customer_Support review,fallback_classification,very_positive,positive
Veri nice pp,5,Other,0.6,Engagement,0.5,positive,positive Other review,fallback_classification,very_positive,positive
"I don't have any problem with this app and it was working fine, but recently the WINGMAN has stopped",4,Bugs,0.6,User Retention,0.5,positive,positive Bugs review,fallback_classification,positive,positive
Because of this application the tripper is not functioning properly. Everytime the app gets updated ,2,Bugs,0.6,User Retention,0.5,negative,negative Bugs review,fallback_classification,negative,negative
"Wingman was working fine for first 17 days but since yesterday the odometer,fuel guage stopped updat",1,Features,0.6,Engagement,0.5,negative,negative Features review,fallback_classification,very_negative,negative
not working properly,1,Bugs,0.6,User Retention,0.5,negative,negative Bugs review,fallback_classification,very_negative,negative
Good bro one missing introduce more technology,5,Features,0.6,Engagement,0.5,positive,positive Features review,fallback_classification,very_positive,positive
"Before buying RE motorcycle especially BS6 and newer version, give a 2nd thought if at all you want ",1,Billing,0.6,Revenue,0.5,negative,negative Billing review,fallback_classification,very_negative,negative
"Apart from certain glitches, the app is okeyish!",3,Bugs,0.6,User Retention,0.5,neutral,neutral Bugs review,fallback_classification,neutral,neutral
Good refer,1,Other,0.6,Engagement,0.5,negative,negative Other review,fallback_classification,very_negative,negative
Good condition,5,Other,0.6,Engagement,0.5,positive,positive Other review,fallback_classification,very_positive,positive
We have flickering issue in the application and application is not stable,1,Bugs,0.6,User Retention,0.5,negative,negative Bugs review,fallback_classification,very_negative,negative
What is Wingman enhancements - Fuel bar changes for Himalayan 450 and Guerrilla 450 can you explain,5,Performance,0.6,User Retention,0.5,positive,positive Performance review,fallback_classification,very_positive,positive
Facing issue in landscape mode Configuator is not working properly,4,Bugs,0.6,User Retention,0.5,positive,positive Bugs review,fallback_classification,positive,positive
"Need to display incoming call information in trip Navigation....nice use of triper, just using for e",3,UI/UX,0.6,Engagement,0.5,neutral,neutral UI/UX review,fallback_classification,neutral,neutral
configurator part is crashing since 2 update,1,Performance,0.6,User Retention,0.5,negative,negative Performance review,fallback_classification,very_negative,negative
"I can't operate Navigation Settings, Navigation Settings are not loading. This app should have Docum",3,Performance,0.6,User Retention,0.5,neutral,neutral Performance review,fallback_classification,neutral,neutral
No proper information available in this app,1,Other,0.6,Engagement,0.5,negative,negative Other review,fallback_classification,very_negative,negative
Why This App Didn't Updated ?,1,Features,0.6,Engagement,0.5,negative,negative Features review,fallback_classification,very_negative,negative
Good Service,5,Customer_Support,0.6,Brand Trust,0.5,positive,positive Customer_Support review,fallback_classification,very_positive,positive
bad experience on booking Himalayan 450. the promised date was 16th sep. I booked in kerala and i am,1,Billing,0.6,Revenue,0.5,negative,negative Billing review,fallback_classification,very_negative,negative
Driving. Comfart Look. Suoar,5,UI/UX,0.6,Engagement,0.5,positive,positive UI/UX review,fallback_classification,very_positive,positive
Navigation not show Very poor apps Not installing this apps,1,UI/UX,0.6,Engagement,0.5,negative,negative UI/UX review,fallback_classification,very_negative,negative
Nice app,5,Other,0.6,Engagement,0.5,positive,positive Other review,fallback_classification,very_positive,positive
Just ROYAL👑,5,Other,0.6,Engagement,0.5,positive,positive Other review,fallback_classification,very_positive,positive
Very good reading,5,Other,0.6,Engagement,0.5,positive,positive Other review,fallback_classification,very_positive,positive
No option for login. when i try to sign up it shows number and email already in use but still no opt,4,Bugs,0.6,User Retention,0.5,positive,positive Bugs review,fallback_classification,positive,positive
Not able to connect with Tripper. It shows red signal,1,Features,0.6,Engagement,0.5,negative,negative Features review,fallback_classification,very_negative,negative
I love❤ this brand 🔥🔥🔥,5,Other,0.6,Engagement,0.5,positive,positive Other review,fallback_classification,very_positive,positive
While navigation it shows major turns but missed some minor turns which makes rider confused while r,3,Billing,0.6,Revenue,0.5,neutral,neutral Billing review,fallback_classification,neutral,neutral
App is not connecting with Samsung S24 ultra. Have given all permissions. The app just shows connect,5,Bugs,0.6,User Retention,0.5,positive,positive Bugs review,fallback_classification,very_positive,positive
Purfect,5,Other,0.6,Engagement,0.5,positive,positive Other review,fallback_classification,very_positive,positive
"Very pathetic app, timeout oocurs everytime, not giving real time notifications, very slow app, if v",1,Security,0.6,Brand Trust,0.5,negative,negative Security review,fallback_classification,very_negative,negative
Please update the app I lost connection during navigation use Even in the city So please update this,4,UI/UX,0.6,Engagement,0.5,positive,positive UI/UX review,fallback_classification,positive,positive
"Hello guys, my tripper pod version is 0.7, and now 0.12 is available. How do I update my tripper pod",4,Features,0.6,Engagement,0.5,positive,positive Features review,fallback_classification,positive,positive
Ki oi imiiuu I'm kk I'm in,2,Other,0.6,Engagement,0.5,negative,negative Other review,fallback_classification,negative,negative
Wrost app for support,1,Customer_Support,0.6,Brand Trust,0.5,negative,negative Customer_Support review,fallback_classification,very_negative,negative
"What's the problem? Why every single time when I open an app, I have to Add a new device? Why it is ",1,Bugs,0.6,User Retention,0.5,negative,negative Bugs review,fallback_classification,very_negative,negative
Km show wrong and when ignition of in this app show on please do sugestion on it,5,Other,0.6,Engagement,0.5,positive,positive Other review,fallback_classification,very_positive,positive
"""I've been using this app for 3 years, but now it's become stagnant with no progress. If there's no ",1,Other,0.6,Engagement,0.5,negative,negative Other review,fallback_classification,very_negative,negative
Best aap for customized,5,Other,0.6,Engagement,0.5,positive,positive Other review,fallback_classification,very_positive,positive
I booked a service appointment on 29aug for 2nd september. Now that doesn't reflect in RE App anywhe,1,Customer_Support,0.6,Brand Trust,0.5,negative,negative Customer_Support review,fallback_classification,very_negative,negative
Royal enfield walo kuch paise ismain bhi lgaa lo Koi location shi nhi. Dikhati h ye app My bike is 1,1,Performance,0.6,User Retention,0.5,negative,negative Performance review,fallback_classification,very_negative,negative
This app not proper working in android ph...,2,Other,0.6,Engagement,0.5,negative,negative Other review,fallback_classification,negative,negative
"Will We get software update for Tripper Pod v 7.05, if yes than when. social media source says that ",5,Features,0.6,Engagement,0.5,positive,positive Features review,fallback_classification,very_positive,positive
"Navigation feature suddenly turns off and phone isn't connecting either have, multiple bugs for the ",1,Bugs,0.6,User Retention,0.5,negative,negative Bugs review,fallback_classification,very_negative,negative
If you own 2 RE bikes or have purchased a new bike it is not showing both the vehicles in the app an,1,Billing,0.6,Revenue,0.5,negative,negative Billing review,fallback_classification,very_negative,negative
It's a Fraud App don't order any accessories from this because their dealership never deliver the it,1,Security,0.6,Brand Trust,0.5,negative,negative Security review,fallback_classification,very_negative,negative
This app should be given slowest app ever award. Each function in the app works very slowly same as ,1,Performance,0.6,User Retention,0.5,negative,negative Performance review,fallback_classification,very_negative,negative
Super exp,5,Other,0.6,Engagement,0.5,positive,positive Other review,fallback_classification,very_positive,positive
"Please fix the tripper navigation, we want it's the User Interface like smartphone/Android auto, wan",1,Bugs,0.6,User Retention,0.5,negative,negative Bugs review,fallback_classification,very_negative,negative
Tripper pod disconnects as soon as mobile display turns off. Pathetic. Unusable. Update: All issues ,5,Bugs,0.6,User Retention,0.5,positive,positive Bugs review,fallback_classification,very_positive,positive
Not getting my vehicle details since I installed the app and iam so unsatisfied by it and I kindly r,1,Bugs,0.6,User Retention,0.5,negative,negative Bugs review,fallback_classification,very_negative,negative
Muthumani,5,Other,0.6,Engagement,0.5,positive,positive Other review,fallback_classification,very_positive,positive
No updates about bike while in service app works like snail,1,Customer_Support,0.6,Brand Trust,0.5,negative,negative Customer_Support review,fallback_classification,very_negative,negative
Nice🥰,5,Other,0.6,Engagement,0.5,positive,positive Other review,fallback_classification,very_positive,positive
Lag alot in mobile.... Not able to customize properly,1,Performance,0.6,User Retention,0.5,negative,negative Performance review,fallback_classification,very_negative,negative
Configuration issue,1,Bugs,0.6,User Retention,0.5,negative,negative Bugs review,fallback_classification,very_negative,negative
"Dear RE, I am writing to express my deep dissatisfaction with the service I have received from Mr. A",1,Performance,0.6,User Retention,0.5,negative,negative Performance review,fallback_classification,very_negative,negative
Hunter 350 Royal enfield servicing at located centres in quotas giving completely is worst. Given to,1,Customer_Support,0.6,Brand Trust,0.5,negative,negative Customer_Support review,fallback_classification,very_negative,negative
H450's navigation feature was useless for me because the app used to keep crashing but after my 2 st,4,Performance,0.6,User Retention,0.5,positive,positive Performance review,fallback_classification,positive,positive
"Don't buy this bike, poor customer support and also bike repair service.shworoom person do as you pl",1,Customer_Support,0.6,Brand Trust,0.5,negative,negative Customer_Support review,fallback_classification,very_negative,negative
So I already had connectivity issues a few months ago. But app updated and I was able to connect. No,1,Bugs,0.6,User Retention,0.5,negative,negative Bugs review,fallback_classification,very_negative,negative
"Servicing status only show for some time. There is no way to raise complaint for the same. Also, app",1,Performance,0.6,User Retention,0.5,negative,negative Performance review,fallback_classification,very_negative,negative
"Royal Enfield,Supar Bike",5,Other,0.6,Engagement,0.5,positive,positive Other review,fallback_classification,very_positive,positive
While going to configurator app turn screen black and no action happens later,1,UI/UX,0.6,Engagement,0.5,negative,negative UI/UX review,fallback_classification,very_negative,negative
Black screen issue in the Make It Yours section. Don't you have a testing team? Why are you asking m,1,Performance,0.6,User Retention,0.5,negative,negative Performance review,fallback_classification,very_negative,negative
Low precision Map.,1,Features,0.6,Engagement,0.5,negative,negative Features review,fallback_classification,very_negative,negative
Keep crashing the page while selecting new bike configuration or existing bike accessories,1,Security,0.6,Brand Trust,0.5,negative,negative Security review,fallback_classification,very_negative,negative
Takes tooooooo much time configure. Waste and worst.,1,Other,0.6,Engagement,0.5,negative,negative Other review,fallback_classification,very_negative,negative
I am owing supernova on 30 July 2024. But it has been a disappointing experience because of tripper.,1,Features,0.6,Engagement,0.5,negative,negative Features review,fallback_classification,very_negative,negative
No option to explore the products. Interface not at all friendly.,1,UI/UX,0.6,Engagement,0.5,negative,negative UI/UX review,fallback_classification,very_negative,negative
Modile Too much heating need to fix this,2,Bugs,0.6,User Retention,0.5,negative,negative Bugs review,fallback_classification,negative,negative
"I want to remove my old motorcycle from the app. which I have already sold. So, how it possible?",3,Features,0.6,Engagement,0.5,neutral,neutral Features review,fallback_classification,neutral,neutral
सबसे घटिया RSA service ranchi town me pick up ke liye 1 ghanta se intezar par morning 10 se pahle ku,1,Customer_Support,0.6,Brand Trust,0.5,negative,negative Customer_Support review,fallback_classification,very_negative,negative
"Pathetic efforts by RE on this app. App speed like too slow, no option to register old bike, not at ",1,Performance,0.6,User Retention,0.5,negative,negative Performance review,fallback_classification,very_negative,negative
Always gets disconnected from the vehicle Sometimes it can't be controlled Always showing error on t,1,Billing,0.6,Revenue,0.5,negative,negative Billing review,fallback_classification,very_negative,negative
Unable to book service. Please fix,1,Bugs,0.6,User Retention,0.5,negative,negative Bugs review,fallback_classification,very_negative,negative
I've been experiencing persistent issues over the past two days while trying to book a service throu,1,Performance,0.6,User Retention,0.5,negative,negative Performance review,fallback_classification,very_negative,negative
Excellent 👌 service sir,5,Customer_Support,0.6,Brand Trust,0.5,positive,positive Customer_Support review,fallback_classification,very_positive,positive
"Stucks everytime, Very limited uses of app not worths the phone storage.",2,Performance,0.6,User Retention,0.5,negative,negative Performance review,fallback_classification,negative,negative
It is a handy app,4,Other,0.6,Engagement,0.5,positive,positive Other review,fallback_classification,positive,positive
Mobile heating issues when navigation.,1,Bugs,0.6,User Retention,0.5,negative,negative Bugs review,fallback_classification,very_negative,negative
Workable,5,Other,0.6,Engagement,0.5,positive,positive Other review,fallback_classification,very_positive,positive
kindly fix the bugs. not working properly. not working configure tab,1,Bugs,0.6,User Retention,0.5,negative,negative Bugs review,fallback_classification,very_negative,negative
Frequent disconnection when network goes and no sync with tripper. This app requires lot of updates ,1,UI/UX,0.6,Engagement,0.5,negative,negative UI/UX review,fallback_classification,very_negative,negative
"Wosre app, slow as tortoise, the vehicle are expensive but no money to improve the application. Wors",1,Billing,0.6,Revenue,0.5,negative,negative Billing review,fallback_classification,very_negative,negative
Worst experience,1,Other,0.6,Engagement,0.5,negative,negative Other review,fallback_classification,very_negative,negative
most of the times blank screen getting displayed,2,Bugs,0.6,User Retention,0.5,negative,negative Bugs review,fallback_classification,negative,negative
Nice bike,5,Other,0.6,Engagement,0.5,positive,positive Other review,fallback_classification,very_positive,positive
Not able to book appointment for service,1,Customer_Support,0.6,Brand Trust,0.5,negative,negative Customer_Support review,fallback_classification,very_negative,negative
Cannot even login. All messages are incoming but the this app otp does not arrive. Worse experience ,1,Security,0.6,Brand Trust,0.5,negative,negative Security review,fallback_classification,very_negative,negative
BEN and I think,5,Other,0.6,Engagement,0.5,positive,positive Other review,fallback_classification,very_positive,positive
"There is delay in map while commuting, map connection is lagging behind.",3,Performance,0.6,User Retention,0.5,neutral,neutral Performance review,fallback_classification,neutral,neutral
"In the second last update the tripper connectivity issue was resolved, however, from the last update",3,Bugs,0.6,User Retention,0.5,neutral,neutral Bugs review,fallback_classification,neutral,neutral
Very slow and useless crash every very very bad.,1,Performance,0.6,User Retention,0.5,negative,negative Performance review,fallback_classification,very_negative,negative
Very bad experience..... truly very disappointed,1,Other,0.6,Engagement,0.5,negative,negative Other review,fallback_classification,very_negative,negative
Please update Himalayan 450 Navigation systems. I lock my mobile screen navigation system also off i,4,Performance,0.6,User Retention,0.5,positive,positive Performance review,fallback_classification,positive,positive
"I have logged a complaint as I was charged more on my 2nd bike service ,RE fools people in name of s",1,Billing,0.6,Revenue,0.5,negative,negative Billing review,fallback_classification,very_negative,negative
Taking too much time to open navigation and service option sometimes not working properly.,2,Bugs,0.6,User Retention,0.5,negative,negative Bugs review,fallback_classification,negative,negative
After update the connection issue has been resolved,4,Bugs,0.6,User Retention,0.5,positive,positive Bugs review,fallback_classification,positive,positive
"Worst app... tremendous slow,,, specially configuration module...",2,Performance,0.6,User Retention,0.5,negative,negative Performance review,fallback_classification,negative,negative
"Fantastic app infrastructure BUT! The app demands the mobile screen to be awake, which is hard on ba",1,Performance,0.6,User Retention,0.5,negative,negative Performance review,fallback_classification,very_negative,negative
App me aabhi update ke bad proper Kam Kar Rahe he or royal enfield ka Kam bohat aacha he kyoki one s,4,Performance,0.6,User Retention,0.5,positive,positive Performance review,fallback_classification,positive,positive
Excellent 👌 Job,5,Other,0.6,Engagement,0.5,positive,positive Other review,fallback_classification,very_positive,positive
Not able to book for servicing,1,Other,0.6,Engagement,0.5,negative,negative Other review,fallback_classification,very_negative,negative
Can we have screen casting even when the phone is locked? Screen casting works even when phone is lo,1,UI/UX,0.6,Engagement,0.5,negative,negative UI/UX review,fallback_classification,very_negative,negative
Superb,5,Other,0.6,Engagement,0.5,positive,positive Other review,fallback_classification,very_positive,positive
Good application,5,Other,0.6,Engagement,0.5,positive,positive Other review,fallback_classification,very_positive,positive
yo!!! youre app is broken.,1,Bugs,0.6,User Retention,0.5,negative,negative Bugs review,fallback_classification,very_negative,negative
"Unable to add bike , facing this issue from a long time.. Updating again on 17th july Still the issu",1,Bugs,0.6,User Retention,0.5,negative,negative Bugs review,fallback_classification,very_negative,negative
Good very helpful,5,Other,0.6,Engagement,0.5,positive,positive Other review,fallback_classification,very_positive,positive
Vishal ji good,5,Other,0.6,Engagement,0.5,positive,positive Other review,fallback_classification,very_positive,positive
Plz include service complaint details like oil change with detailed receipts and other helpful info.,4,Performance,0.6,User Retention,0.5,positive,positive Performance review,fallback_classification,positive,positive
"Not able check for any software update, Current firmware verison ,etc for tripper pod. Also why not ",1,UI/UX,0.6,Engagement,0.5,negative,negative UI/UX review,fallback_classification,very_negative,negative
Needs to add call alert feature this is a must to have feature for a rider. Updating it after a year,3,Features,0.6,Engagement,0.5,neutral,neutral Features review,fallback_classification,neutral,neutral
Tripper Module is awesome!!! Installed Royal Enfield app to make use of tripper pod in my Meteor 350,5,Bugs,0.6,User Retention,0.5,positive,positive Bugs review,fallback_classification,very_positive,positive
"Poor performance, I own a SuperMeteor 650. The map mostly shows the wrong route, it gets disconnecte",1,Bugs,0.6,User Retention,0.5,negative,negative Bugs review,fallback_classification,very_negative,negative
Taking too much loading time,2,Performance,0.6,User Retention,0.5,negative,negative Performance review,fallback_classification,negative,negative
Phone gets overheat and closes the app.,1,Other,0.6,Engagement,0.5,negative,negative Other review,fallback_classification,very_negative,negative
Worst ever app in service industry . Think RE is focussing more on sales without a proper plan for s,1,Billing,0.6,Revenue,0.5,negative,negative Billing review,fallback_classification,very_negative,negative
Worst experience getting bike repaired. It has been 4 months since my bike has been in the service c,1,Customer_Support,0.6,Brand Trust,0.5,negative,negative Customer_Support review,fallback_classification,very_negative,negative
Very Very good experience 1001 🌟,5,Other,0.6,Engagement,0.5,positive,positive Other review,fallback_classification,very_positive,positive
Update:-App is working fine after latest update////Old comment-App getting disconnected after few mi,3,Customer_Support,0.6,Brand Trust,0.5,neutral,neutral Customer_Support review,fallback_classification,neutral,neutral
Grate experience people are very authentic and service is too good 👍,5,Customer_Support,0.6,Brand Trust,0.5,positive,positive Customer_Support review,fallback_classification,very_positive,positive
nice bullet,5,Other,0.6,Engagement,0.5,positive,positive Other review,fallback_classification,very_positive,positive
Lovely,5,Other,0.6,Engagement,0.5,positive,positive Other review,fallback_classification,very_positive,positive
"Unable to view map on Himalayan with my pixel 6A. It says click on the screencast buton on app, but ",5,Bugs,0.6,User Retention,0.5,positive,positive Bugs review,fallback_classification,very_positive,positive
Make it yours not working. Any issue with app or device?,1,Bugs,0.6,User Retention,0.5,negative,negative Bugs review,fallback_classification,very_negative,negative
App takes ages to update latest info. Even trips accuracy is also poor,1,Features,0.6,Engagement,0.5,negative,negative Features review,fallback_classification,very_negative,negative
Poor app experience,1,Other,0.6,Engagement,0.5,negative,negative Other review,fallback_classification,very_negative,negative
can't trust the navigation section while riding the bike. it can lag/crash anytime and u can go on w,2,Performance,0.6,User Retention,0.5,negative,negative Performance review,fallback_classification,negative,negative
Fantastic,5,Other,0.6,Engagement,0.5,positive,positive Other review,fallback_classification,very_positive,positive
Worst possible app. Doesn't help with navigation at all. Useless. It gets disconnected after 1 min. ,1,UI/UX,0.6,Engagement,0.5,negative,negative UI/UX review,fallback_classification,very_negative,negative
Worst UI/UX Screen won't get turned off which is a simple addition of a 'terminate but stay resident,1,UI/UX,0.6,Engagement,0.5,negative,negative UI/UX review,fallback_classification,very_negative,negative
Such a bad app. I've tried connect to the tripper dash on my Himalayan 450 a thousand times now. Sti,1,Features,0.6,Engagement,0.5,negative,negative Features review,fallback_classification,very_negative,negative
Improve user experience,5,Other,0.6,Engagement,0.5,positive,positive Other review,fallback_classification,very_positive,positive
Edit - 06/07/2024 Thanks RE support team for the effort taken to call and update about remedial opti,1,Customer_Support,0.6,Brand Trust,0.5,negative,negative Customer_Support review,fallback_classification,very_negative,negative
The updated version has changed my perception. It all good now.,5,Performance,0.6,User Retention,0.5,positive,positive Performance review,fallback_classification,very_positive,positive
"Worst service from Royal Enfield service centre, Sivasagar, Assam",1,Customer_Support,0.6,Brand Trust,0.5,negative,negative Customer_Support review,fallback_classification,very_negative,negative
Unable to update tripper as software update button is not working,1,Bugs,0.6,User Retention,0.5,negative,negative Bugs review,fallback_classification,very_negative,negative
After login with account or as guest app freezes. I need to restart device every time..,1,Performance,0.6,User Retention,0.5,negative,negative Performance review,fallback_classification,very_negative,negative
I like royal Enfield,5,Other,0.6,Engagement,0.5,positive,positive Other review,fallback_classification,very_positive,positive
"""Book a service"" page doesn't open 99% of the time. Even when it does, changing any option tries to ",1,Performance,0.6,User Retention,0.5,negative,negative Performance review,fallback_classification,very_negative,negative
Worst when I am opening any thing it shows after 2 mins and Worst kind of service,1,Customer_Support,0.6,Brand Trust,0.5,negative,negative Customer_Support review,fallback_classification,very_negative,negative
"Update: After a week of back & forth, the app was finally updated to resolve this issue. Now works f",3,Bugs,0.6,User Retention,0.5,neutral,neutral Bugs review,fallback_classification,neutral,neutral
Wanted to buy GT 650 online but it is still processing the configuration.,1,Features,0.6,Engagement,0.5,negative,negative Features review,fallback_classification,very_negative,negative
Something I faced navigation problems. After few meter reading automatic trun off navigation meter. ,2,Bugs,0.6,User Retention,0.5,negative,negative Bugs review,fallback_classification,negative,negative
"Not connecting to Spotify app, getting url error",3,Bugs,0.6,User Retention,0.5,neutral,neutral Bugs review,fallback_classification,neutral,neutral
Application is good. But it feels laggy. Please add option to view service invoice instead of invoic,4,Billing,0.6,Revenue,0.5,positive,positive Billing review,fallback_classification,positive,positive
Can't even connect with the tripper. Multi-million dollar company can't even get a app rite.,1,Features,0.6,Engagement,0.5,negative,negative Features review,fallback_classification,very_negative,negative
Are we getting latest software update for the tripper pod? I am stuck in version 7 itself...,1,Performance,0.6,User Retention,0.5,negative,negative Performance review,fallback_classification,very_negative,negative
Good👍👍,5,Other,0.6,Engagement,0.5,positive,positive Other review,fallback_classification,very_positive,positive
The tripper gets disconnected within minutes after connection but it shows connected in the applicat,1,Features,0.6,Engagement,0.5,negative,negative Features review,fallback_classification,very_negative,negative
App not open,1,Other,0.6,Engagement,0.5,negative,negative Other review,fallback_classification,very_negative,negative
After 1-2 minutes its getting disconnected and not connecting again. It has been resolved after cont,4,Customer_Support,0.6,Brand Trust,0.5,positive,positive Customer_Support review,fallback_classification,positive,positive
Edit: latest update has fixed the issue. It makes us even more angry that they released an update wi,1,Bugs,0.6,User Retention,0.5,negative,negative Bugs review,fallback_classification,very_negative,negative
"Initially I was facing some issues, but the dev team solved it. Loving the app",5,Bugs,0.6,User Retention,0.5,positive,positive Bugs review,fallback_classification,very_positive,positive
I am facing similar issue as other users.. tripper navigation gets disconnected within seconds,3,Bugs,0.6,User Retention,0.5,neutral,neutral Bugs review,fallback_classification,neutral,neutral
I am changing my review after 6 months to support your team . Now I am able to connect via Google pi,4,Performance,0.6,User Retention,0.5,positive,positive Performance review,fallback_classification,positive,positive
"In every update navigation window performance getting worse, within two minutes blutooth getting dis",1,Bugs,0.6,User Retention,0.5,negative,negative Bugs review,fallback_classification,very_negative,negative
I am using meteor 350 super nova silver 2021 navigation not working properly and also no updates in ,1,Bugs,0.6,User Retention,0.5,negative,negative Bugs review,fallback_classification,very_negative,negative
Tripper navigation was getting disconnected repeatedly even with all permissions. After today's upda,3,Bugs,0.6,User Retention,0.5,neutral,neutral Bugs review,fallback_classification,neutral,neutral
Eewwm,4,Other,0.6,Engagement,0.5,positive,positive Other review,fallback_classification,positive,positive
APP KEEPS CRASHING I have a Himalayan 411 and I've had the navigation pod since i got my bike 1.3 yr,1,Performance,0.6,User Retention,0.5,negative,negative Performance review,fallback_classification,very_negative,negative
In the last ten days it's been crashing and how ? Looks like too much traffic or whatever the glitch,1,Performance,0.6,User Retention,0.5,negative,negative Performance review,fallback_classification,very_negative,negative
Service history on the app doesn't work could not load bikes model,1,Bugs,0.6,User Retention,0.5,negative,negative Bugs review,fallback_classification,very_negative,negative
"After the latest update(8.0.4), the connection between tripper navigation and mobile is not stable. ",1,Performance,0.6,User Retention,0.5,negative,negative Performance review,fallback_classification,very_negative,negative
It's showing Tripper is getting disconnected automatically after upgradation of App.. If you need vi,1,Bugs,0.6,User Retention,0.5,negative,negative Bugs review,fallback_classification,very_negative,negative
"The app crashes when navigation tab is clicked, please ensure the app is properly tested before rele",1,Performance,0.6,User Retention,0.5,negative,negative Performance review,fallback_classification,very_negative,negative
Unable to request RSA on app.,1,Features,0.6,Engagement,0.5,negative,negative Features review,fallback_classification,very_negative,negative
Doesn't work with my 450 Himalyan and doesnt allow me to use the map feature. The main highlight of ,2,Bugs,0.6,User Retention,0.5,negative,negative Bugs review,fallback_classification,negative,negative
Disconnecting while riding. Need to fix this bug. Very disappointed.,1,Bugs,0.6,User Retention,0.5,negative,negative Bugs review,fallback_classification,very_negative,negative
As soon as phone locks tripper stops showing map. Tripper is useless if app cannot work properly,1,Features,0.6,Engagement,0.5,negative,negative Features review,fallback_classification,very_negative,negative
Disconnect with in 30 seconds with device. Tripper pod is just a showpiece.,1,Features,0.6,Engagement,0.5,negative,negative Features review,fallback_classification,very_negative,negative
Not bat good,3,Other,0.6,Engagement,0.5,neutral,neutral Other review,fallback_classification,neutral,neutral
"For android, this app is an absolute trash. Apparently, I got to know after using tripper via androi",1,Features,0.6,Engagement,0.5,negative,negative Features review,fallback_classification,very_negative,negative
Recently I visited Aadiya motors Rosera worst service and not available financer at the time.. In on,1,Customer_Support,0.6,Brand Trust,0.5,negative,negative Customer_Support review,fallback_classification,very_negative,negative
I just took delivery of meteor 350 and trying to use navigation on my Vivo x100 pro. But it keeps di,1,Bugs,0.6,User Retention,0.5,negative,negative Bugs review,fallback_classification,very_negative,negative
Gets disconnected after few seconds please improvise and update this,1,Features,0.6,Engagement,0.5,negative,negative Features review,fallback_classification,very_negative,negative
Very very very very poor service in all bikes company no satisfaction and no caring for customers my,1,Billing,0.6,Revenue,0.5,negative,negative Billing review,fallback_classification,very_negative,negative
Beast Experience Blue Sapphire moters Bilaspur,4,Other,0.6,Engagement,0.5,positive,positive Other review,fallback_classification,positive,positive
"Having the worst experience this tripper navigation, I am owning Meteor 350.. Directions stop workin",1,UI/UX,0.6,Engagement,0.5,negative,negative UI/UX review,fallback_classification,very_negative,negative
Terrible experience. I try to connect the tripper on my new Meteor 350 and it automatically disconne,1,Features,0.6,Engagement,0.5,negative,negative Features review,fallback_classification,very_negative,negative
Good experience Blue sphire moters,4,Other,0.6,Engagement,0.5,positive,positive Other review,fallback_classification,positive,positive
I have samsung s24 ultra having issue with connection with himalayan 450 always it always saying tha,1,Bugs,0.6,User Retention,0.5,negative,negative Bugs review,fallback_classification,very_negative,negative
"Enfield's bike design team says, form follows functionality. The software team think the opposite. I",1,Performance,0.6,User Retention,0.5,negative,negative Performance review,fallback_classification,very_negative,negative
"Worst application Maps display pod disconnected after 30 seconds, worst service royal Enfield",1,Customer_Support,0.6,Brand Trust,0.5,negative,negative Customer_Support review,fallback_classification,very_negative,negative
It was fine when I used the previous year. but all of a sudden now while using apps I can't connect ,3,Features,0.6,Engagement,0.5,neutral,neutral Features review,fallback_classification,neutral,neutral
The update which came on 4th June is having a bug I believe due to which the navigation over the Tri,1,Bugs,0.6,User Retention,0.5,negative,negative Bugs review,fallback_classification,very_negative,negative
The app is getting disconnected within a minute after connection. Although it shows the connection i,1,Performance,0.6,User Retention,0.5,negative,negative Performance review,fallback_classification,very_negative,negative
Not able to login,1,Bugs,0.6,User Retention,0.5,negative,negative Bugs review,fallback_classification,very_negative,negative
After last update tripper navigator stops showing direction after 2 turns,1,Features,0.6,Engagement,0.5,negative,negative Features review,fallback_classification,very_negative,negative
Having worst experience with wingman app for my shotgun 650 it earlier used to show trip summery but,1,Bugs,0.6,User Retention,0.5,negative,negative Bugs review,fallback_classification,very_negative,negative
App gets disconnected from the tripper pod of meteor 250 within a minute in OnePlus 12. But it's wor,1,Bugs,0.6,User Retention,0.5,negative,negative Bugs review,fallback_classification,very_negative,negative
Very helpful app,5,Other,0.6,Engagement,0.5,positive,positive Other review,fallback_classification,very_positive,positive
I have a Meteor 350. It is just 15 days old but the navigation is not working. Directions stop worki,1,Bugs,0.6,User Retention,0.5,negative,negative Bugs review,fallback_classification,very_negative,negative
Owning a Meteor 350 has been a disappointing experience because of persistent issues with the trippe,1,Bugs,0.6,User Retention,0.5,negative,negative Bugs review,fallback_classification,very_negative,negative
"Worst service experience,",1,Customer_Support,0.6,Brand Trust,0.5,negative,negative Customer_Support review,fallback_classification,very_negative,negative
"Post the last update which came a week back, the tripper navigation is getting disconnected after 2 ",1,Bugs,0.6,User Retention,0.5,negative,negative Bugs review,fallback_classification,very_negative,negative
I own royal Enfield meteor 350. Tripper navigation just disconnect after 2-3 min of usage.. have giv,1,Billing,0.6,Revenue,0.5,negative,negative Billing review,fallback_classification,very_negative,negative
Unable to connect worst option paid for,1,Billing,0.6,Revenue,0.5,negative,negative Billing review,fallback_classification,very_negative,negative
"The app was fine until some recent update, after which the tripper keeps getting automatically disco",1,Performance,0.6,User Retention,0.5,negative,negative Performance review,fallback_classification,very_negative,negative
"The latest update is useless, it has made the tripper navigation worse than ever. It simply disconne",1,Bugs,0.6,User Retention,0.5,negative,negative Bugs review,fallback_classification,very_negative,negative
"After the new update,I am unable to connect the app to tripper pod in my meteor 350 for navigation.I",1,Performance,0.6,User Retention,0.5,negative,negative Performance review,fallback_classification,very_negative,negative
Guys this is a serious problem till the update on June 4 my tripper was working completely fine the ,1,Bugs,0.6,User Retention,0.5,negative,negative Bugs review,fallback_classification,very_negative,negative
Always get disconnected from tipper navigation.,1,UI/UX,0.6,Engagement,0.5,negative,negative UI/UX review,fallback_classification,very_negative,negative
After the latest update app is getting disconnected from tripper pod and in app connectivity icon is,1,Bugs,0.6,User Retention,0.5,negative,negative Bugs review,fallback_classification,very_negative,negative
"Worst experience ever. When we connect the tripper, it shows navigation for about 1-2 minutes and it",1,Bugs,0.6,User Retention,0.5,negative,negative Bugs review,fallback_classification,very_negative,negative
"Having the worst experience on this tripper navigation, I am owning Super Meteor 650.. Directions st",1,Performance,0.6,User Retention,0.5,negative,negative Performance review,fallback_classification,very_negative,negative
After the latest update not able to use tripper pod as after few mins it stops working and goes back,3,Features,0.6,Engagement,0.5,neutral,neutral Features review,fallback_classification,neutral,neutral
"After Uploading V 8.0.4 on 4/6/24 , Bluetooth connectivity issue arises, it disconnected after few m",1,Performance,0.6,User Retention,0.5,negative,negative Performance review,fallback_classification,very_negative,negative
Crashes several times always,1,Performance,0.6,User Retention,0.5,negative,negative Performance review,fallback_classification,very_negative,negative
"रॉयल Enfield वालों ने जनता को बेवकूफ़ बनाकर चुना लगाया गया है 20000 हजार लूट रहे ट्रिप डैश मीटर , इत",1,Features,0.6,Engagement,0.5,negative,negative Features review,fallback_classification,very_negative,negative
"My Meteor350 is new & its just 4 months old. The new update released this month, June 2024, has sign",1,Bugs,0.6,User Retention,0.5,negative,negative Bugs review,fallback_classification,very_negative,negative
Worst upgrade ever!! App gets closed automatically and disconnected feom the tripper pod automatical,1,UI/UX,0.6,Engagement,0.5,negative,negative UI/UX review,fallback_classification,very_negative,negative
Not able to connect to my tripper pod after latest update,2,Features,0.6,Engagement,0.5,negative,negative Features review,fallback_classification,negative,negative
Full of bugs. Highly unreliable as it constantly keeps disconnecting.,1,Bugs,0.6,User Retention,0.5,negative,negative Bugs review,fallback_classification,very_negative,negative
Not working in Google pixel 7 pro. Connection fails. Edit: after updating the tripper dash and reins,5,Bugs,0.6,User Retention,0.5,positive,positive Bugs review,fallback_classification,very_positive,positive
Navigation is not working after update,1,Bugs,0.6,User Retention,0.5,negative,negative Bugs review,fallback_classification,very_negative,negative
App feels slow and clunky. The navigate section is very slow and keeps loading infinitely. Please fi,1,Billing,0.6,Revenue,0.5,negative,negative Billing review,fallback_classification,very_negative,negative
I am unable to connect with my samsung s24 ultra to my himalayan450,1,Other,0.6,Engagement,0.5,negative,negative Other review,fallback_classification,very_negative,negative
"Royal Enfield offers a wide range of models, with the Classic 350 being one of the most popular and ",1,Security,0.6,Brand Trust,0.5,negative,negative Security review,fallback_classification,very_negative,negative
Good 👍 👍,5,Other,0.6,Engagement,0.5,positive,positive Other review,fallback_classification,very_positive,positive
"I have a tripper pod fixed in my Classic 350, it is getting automatically disconnected after 2-3mins",1,Bugs,0.6,User Retention,0.5,negative,negative Bugs review,fallback_classification,very_negative,negative
Unable to connect the App via pixel6A phones. Please fix the issue,1,Bugs,0.6,User Retention,0.5,negative,negative Bugs review,fallback_classification,very_negative,negative
The new update the comes out yesterday(10/06/2024) makes the tripper worst then useless. It's gettin,1,Features,0.6,Engagement,0.5,negative,negative Features review,fallback_classification,very_negative,negative
The latest version of this app drops the maps navigation from my meteor 350 tipper as soon as I star,1,UI/UX,0.6,Engagement,0.5,negative,negative UI/UX review,fallback_classification,very_negative,negative
"After the latest update, app is getting disconnected from tripper pod in between the ride. It's beco",1,Features,0.6,Engagement,0.5,negative,negative Features review,fallback_classification,very_negative,negative
All time favorite brand,5,Other,0.6,Engagement,0.5,positive,positive Other review,fallback_classification,very_positive,positive
Facke app,1,Other,0.6,Engagement,0.5,negative,negative Other review,fallback_classification,very_negative,negative
Tripper dash not working with pixel 7 pro,1,Bugs,0.6,User Retention,0.5,negative,negative Bugs review,fallback_classification,very_negative,negative
Bhadohi service centre is very very bad manegement is also bad wast bhadohi agency,1,Customer_Support,0.6,Brand Trust,0.5,negative,negative Customer_Support review,fallback_classification,very_negative,negative
Very good service thanks Chhaya madam,5,Customer_Support,0.6,Brand Trust,0.5,positive,positive Customer_Support review,fallback_classification,very_positive,positive
"I bought the bike in 2022 still they've not issued number plate , RC and insurance I try contacting ",1,Bugs,0.6,User Retention,0.5,negative,negative Bugs review,fallback_classification,very_negative,negative
thank Royel enfeld,5,Other,0.6,Engagement,0.5,positive,positive Other review,fallback_classification,very_positive,positive
"After installing new update of app, the tripper is not functioning properly. Tripper abruptly get sw",3,Bugs,0.6,User Retention,0.5,neutral,neutral Bugs review,fallback_classification,neutral,neutral
Unable to connect with Tripper Dash of New Himalayan 450 in Google Pixel devices (mine is Pixel 7 Pr,1,Bugs,0.6,User Retention,0.5,negative,negative Bugs review,fallback_classification,very_negative,negative
Beast experience Blue sapphire Bilaspur,4,Other,0.6,Engagement,0.5,positive,positive Other review,fallback_classification,positive,positive
Is there an option available for live tracking and last parked location I am using super meteor 650(,1,Features,0.6,Engagement,0.5,negative,negative Features review,fallback_classification,very_negative,negative
Nice app and still good support by royal Enfield and connecting the app to console,5,Customer_Support,0.6,Brand Trust,0.5,positive,positive Customer_Support review,fallback_classification,very_positive,positive
App is very very slow,3,Performance,0.6,User Retention,0.5,neutral,neutral Performance review,fallback_classification,neutral,neutral
The app does not show the previous service history of my vehicle..,1,Customer_Support,0.6,Brand Trust,0.5,negative,negative Customer_Support review,fallback_classification,very_negative,negative
Can't showing past service details. Fixed it as soon as possible.,1,Bugs,0.6,User Retention,0.5,negative,negative Bugs review,fallback_classification,very_negative,negative
Beast Expirenc Blue sphire moters Bilaspur,4,Other,0.6,Engagement,0.5,positive,positive Other review,fallback_classification,positive,positive
Order tracking is just to keep customer busy .every now and then dates expected time keeps changing.,1,Performance,0.6,User Retention,0.5,negative,negative Performance review,fallback_classification,very_negative,negative
This apk is not working and crash not work properly very disappointed,1,Performance,0.6,User Retention,0.5,negative,negative Performance review,fallback_classification,very_negative,negative
You can not trust this app. At every step when try to connect with navigation in your bike it shows ,1,Performance,0.6,User Retention,0.5,negative,negative Performance review,fallback_classification,very_negative,negative
Waste,1,Other,0.6,Engagement,0.5,negative,negative Other review,fallback_classification,very_negative,negative
Unable to connect with Tripper Dash of New Himalayan 450 in Google Pixel devices (mine is Pixel 7). ,5,Bugs,0.6,User Retention,0.5,positive,positive Bugs review,fallback_classification,very_positive,positive
The app crashes in my android 12 phone.. Please fix this bug.. Phone is redmi note 10 pro max,1,Performance,0.6,User Retention,0.5,negative,negative Performance review,fallback_classification,very_negative,negative
Worst app ever. Cannot even launch the app. Shows a screen Authorize our application. Asks for Locat,1,Security,0.6,Brand Trust,0.5,negative,negative Security review,fallback_classification,very_negative,negative
I love it,5,Other,0.6,Engagement,0.5,positive,positive Other review,fallback_classification,very_positive,positive
"Hi the tripper navigation in this app keeps on crashing , i cant able to connect with my meteor 350'",1,Security,0.6,Brand Trust,0.5,negative,negative Security review,fallback_classification,very_negative,negative
"I have added a motorcycle 2 days back, but still it is showing as under validation. Responding slowl",2,Performance,0.6,User Retention,0.5,negative,negative Performance review,fallback_classification,negative,negative
The map casting in Himalayan 450 not working properly in my mi 10i which is running on Android 12. W,2,Performance,0.6,User Retention,0.5,negative,negative Performance review,fallback_classification,negative,negative
Customer service of this company is at its lowest ebb. I am extremely disappointed with Royal Enfiel,1,Billing,0.6,Revenue,0.5,negative,negative Billing review,fallback_classification,very_negative,negative
Nice and gentle behaviour,5,Other,0.6,Engagement,0.5,positive,positive Other review,fallback_classification,very_positive,positive
Beast service,5,Customer_Support,0.6,Brand Trust,0.5,positive,positive Customer_Support review,fallback_classification,very_positive,positive
When i wanted to and raise road assist request im not able to select issue. Without that i can't rai,1,Bugs,0.6,User Retention,0.5,negative,negative Bugs review,fallback_classification,very_negative,negative
The app is crashing always whenever I start the navigation.,1,Performance,0.6,User Retention,0.5,negative,negative Performance review,fallback_classification,very_negative,negative
21/12/2022 It doesn't work with sommthly 20/05/2023 I am writing this review again after two year an,1,Bugs,0.6,User Retention,0.5,negative,negative Bugs review,fallback_classification,very_negative,negative
Keep crashing whenever try to configure,1,Performance,0.6,User Retention,0.5,negative,negative Performance review,fallback_classification,very_negative,negative
Need standard features With Himalayan 450 the display could be accommodated to be utilised with Andr,3,Features,0.6,Engagement,0.5,neutral,neutral Features review,fallback_classification,neutral,neutral
Unable to connect tripper dash with pixel 7 phone.. tried in other brands but it's getting connected,3,UI/UX,0.6,Engagement,0.5,neutral,neutral UI/UX review,fallback_classification,neutral,neutral
Service is fine,5,Customer_Support,0.6,Brand Trust,0.5,positive,positive Customer_Support review,fallback_classification,very_positive,positive
"Unable to check for software update and not able to open user manual, Already shared the screen reco",1,Customer_Support,0.6,Brand Trust,0.5,negative,negative Customer_Support review,fallback_classification,very_negative,negative
Good service when entered in showroom they said time they gave early...,5,Customer_Support,0.6,Brand Trust,0.5,positive,positive Customer_Support review,fallback_classification,very_positive,positive
Make it Yours section not working please see to it.,1,Bugs,0.6,User Retention,0.5,negative,negative Bugs review,fallback_classification,very_negative,negative
"Click not working in navigation device settings. In device settings, software update, GDPR and User ",1,Bugs,0.6,User Retention,0.5,negative,negative Bugs review,fallback_classification,very_negative,negative
Not Good,1,Other,0.6,Engagement,0.5,negative,negative Other review,fallback_classification,very_negative,negative
After waiting for long time finally himalayan 450 tripper dash is working with pixel devices.,4,Customer_Support,0.6,Brand Trust,0.5,positive,positive Customer_Support review,fallback_classification,positive,positive
"Hey Dev's !! Please update the ""Track your Order"" page please, cause as I have booked, the showroom ",1,Bugs,0.6,User Retention,0.5,negative,negative Bugs review,fallback_classification,very_negative,negative
App not working when phone is locked. App is very very slow. The royal enfield team says the bug is ,1,Performance,0.6,User Retention,0.5,negative,negative Performance review,fallback_classification,very_negative,negative
App is a bit slow but very good,5,Performance,0.6,User Retention,0.5,positive,positive Performance review,fallback_classification,very_positive,positive
customisation of bike is removed I hate this app fraud app,1,Other,0.6,Engagement,0.5,negative,negative Other review,fallback_classification,very_negative,negative
Nice app...I love that i can track the bike orders....but you might want to optimise more of the con,4,Features,0.6,Engagement,0.5,positive,positive Features review,fallback_classification,positive,positive
Pixel phones not connecting to tripper dash ...pls fix software,2,Bugs,0.6,User Retention,0.5,negative,negative Bugs review,fallback_classification,negative,negative
Pathetic. I am at the royal Enfield service centre right now. They gave me an appointment slot of 9 ,1,Customer_Support,0.6,Brand Trust,0.5,negative,negative Customer_Support review,fallback_classification,very_negative,negative
I installed Tripper on my new Meteor 350 which I bought in 2023 August with a lot of expectations. I,1,Bugs,0.6,User Retention,0.5,negative,negative Bugs review,fallback_classification,very_negative,negative
App doesn't connect to my Himalayan 450 after configuring it once. I'm forced to reinstall the app e,1,Other,0.6,Engagement,0.5,negative,negative Other review,fallback_classification,very_negative,negative
I have got my new Himalayan on 23rd April and since the day one the tripper dash is not connecting w,1,Bugs,0.6,User Retention,0.5,negative,negative Bugs review,fallback_classification,very_negative,negative
Kindly please Remove the bike delivery Tracking in this Application. Its showing completely wrong an,1,Customer_Support,0.6,Brand Trust,0.5,negative,negative Customer_Support review,fallback_classification,very_negative,negative
Sir royal Enfield bike me itna jaldi awaj AA jata hai Maine bike 15 oct 2033 ko liya hai lag bhag 7 ,1,Performance,0.6,User Retention,0.5,negative,negative Performance review,fallback_classification,very_negative,negative
The app is very slow. The music controls never work and i have to reconnect after turning off-on the,1,Performance,0.6,User Retention,0.5,negative,negative Performance review,fallback_classification,very_negative,negative
Good App,5,Other,0.6,Engagement,0.5,positive,positive Other review,fallback_classification,very_positive,positive
I am not able to add my motorcycle details the page is showing only loading please look into this i ,2,Billing,0.6,Revenue,0.5,negative,negative Billing review,fallback_classification,negative,negative
"Update: its works for me now, thanks for quick response .👍 Navigation with tripper works only the fi",4,Performance,0.6,User Retention,0.5,positive,positive Performance review,fallback_classification,positive,positive
Navigation system gets hanged too often i couldn't even ride 500 meters smoothly in last 3 months . ,1,Performance,0.6,User Retention,0.5,negative,negative Performance review,fallback_classification,very_negative,negative
It's almost 2 months I have booked my bullet from Royal Enfield and this app doesn't show any live t,1,Customer_Support,0.6,Brand Trust,0.5,negative,negative Customer_Support review,fallback_classification,very_negative,negative
This app take so much time to open. Once it opens the for each click it again taking more time. Ther,1,Performance,0.6,User Retention,0.5,negative,negative Performance review,fallback_classification,very_negative,negative
Please allow for the phone screen to remain off while casting maps in Navigation.,3,UI/UX,0.6,Engagement,0.5,neutral,neutral UI/UX review,fallback_classification,neutral,neutral
Was trying to access service history but it was not getting. Everytime I was clicking on service his,1,Security,0.6,Brand Trust,0.5,negative,negative Security review,fallback_classification,very_negative,negative
The app doesn't open and it keeps loading.,1,Performance,0.6,User Retention,0.5,negative,negative Performance review,fallback_classification,very_negative,negative
1. This app is not compatible with Google pixel devices. The Tripper navigation system on my Himalay,2,Performance,0.6,User Retention,0.5,negative,negative Performance review,fallback_classification,negative,negative
Pathetic application. Unable to track my order. Raised the complaint 20 days back on the dupport mai,1,Bugs,0.6,User Retention,0.5,negative,negative Bugs review,fallback_classification,very_negative,negative
I have met with an accident and waiting for my parts from last 15 days and my vehicle which is at se,1,Customer_Support,0.6,Brand Trust,0.5,negative,negative Customer_Support review,fallback_classification,very_negative,negative
Not able to update tripper navigator on meteor 350. I mean when I connect and enter into the softwar,2,UI/UX,0.6,Engagement,0.5,negative,negative UI/UX review,fallback_classification,negative,negative
Gd app I use for this in my meteor 350,5,Other,0.6,Engagement,0.5,positive,positive Other review,fallback_classification,very_positive,positive
"It has been more than 3 months , and yet the app is still searching my bike details.",1,Other,0.6,Engagement,0.5,negative,negative Other review,fallback_classification,very_negative,negative
Overhyped app with less response...Unable to book service through app... Continuous error,2,Bugs,0.6,User Retention,0.5,negative,negative Bugs review,fallback_classification,negative,negative
"When we try to book an appointment, we have pop up to say 'some thing went wrong, try later,' we hav",1,Customer_Support,0.6,Brand Trust,0.5,negative,negative Customer_Support review,fallback_classification,very_negative,negative
The most useless app in app store belongs to u guys keep it up wonderful job after telling tiz much ,1,Features,0.6,Engagement,0.5,negative,negative Features review,fallback_classification,very_negative,negative
Unable to use this on my Google pixel 7 pro.. service centre suggested that this phone is not added ,3,Customer_Support,0.6,Brand Trust,0.5,neutral,neutral Customer_Support review,fallback_classification,neutral,neutral
Navigation on himalayan 450 doesn't work,1,Bugs,0.6,User Retention,0.5,negative,negative Bugs review,fallback_classification,very_negative,negative
Worest UI ...need more accuracy,1,UI/UX,0.6,Engagement,0.5,negative,negative UI/UX review,fallback_classification,very_negative,negative
Thank you team for your support. Only because of you i am now enjoying my trips. Nice App.,5,Customer_Support,0.6,Brand Trust,0.5,positive,positive Customer_Support review,fallback_classification,very_positive,positive
Amazing,5,Other,0.6,Engagement,0.5,positive,positive Other review,fallback_classification,very_positive,positive
Can't rename or software update my devices,3,Features,0.6,Engagement,0.5,neutral,neutral Features review,fallback_classification,neutral,neutral
the app triple dash navigation option is not getting supported on my mobile for himalayan 450 which ,3,Customer_Support,0.6,Brand Trust,0.5,neutral,neutral Customer_Support review,fallback_classification,neutral,neutral
"Issue raised earlier is resolved, But try to make your app faster. Thanks. Earlier raised issue :-👇 ",4,Billing,0.6,Revenue,0.5,positive,positive Billing review,fallback_classification,positive,positive
Sub se bekar service hai Please don't buy this bikes Today I am for bike service they'll take 6 hour,1,Customer_Support,0.6,Brand Trust,0.5,negative,negative Customer_Support review,fallback_classification,very_negative,negative
"Great innovation ,the app works great and the navigation part is also good ..but i can't understand ",3,Performance,0.6,User Retention,0.5,neutral,neutral Performance review,fallback_classification,neutral,neutral
"Worstttt royal enfield service, literally lying about damage part & not taking responsibility & your",1,Customer_Support,0.6,Brand Trust,0.5,negative,negative Customer_Support review,fallback_classification,very_negative,negative
App doesn't work,1,Bugs,0.6,User Retention,0.5,negative,negative Bugs review,fallback_classification,very_negative,negative
My phone is Redmi Note 10 and the app is getting crashed whenever I start the navigation after selec,2,Performance,0.6,User Retention,0.5,negative,negative Performance review,fallback_classification,negative,negative
Service booking issue,1,Bugs,0.6,User Retention,0.5,negative,negative Bugs review,fallback_classification,very_negative,negative
I got my Himalayan 450 delivered 3 days back and used the the navigation app for some 30km ride just,2,Performance,0.6,User Retention,0.5,negative,negative Performance review,fallback_classification,negative,negative
👍🏻👍🏻👍🏻👍🏻,4,Other,0.6,Engagement,0.5,positive,positive Other review,fallback_classification,positive,positive
Bed service,1,Customer_Support,0.6,Brand Trust,0.5,negative,negative Customer_Support review,fallback_classification,very_negative,negative
Thanks for updating. Thanks for your support. Love RE,5,Customer_Support,0.6,Brand Trust,0.5,positive,positive Customer_Support review,fallback_classification,very_positive,positive
I love this app of royal Enfield,5,Other,0.6,Engagement,0.5,positive,positive Other review,fallback_classification,very_positive,positive
Complete disaster. No customer facing app should be this slow. Are you guys out of your mind putting,1,Performance,0.6,User Retention,0.5,negative,negative Performance review,fallback_classification,very_negative,negative
Worst app..,1,Other,0.6,Engagement,0.5,negative,negative Other review,fallback_classification,very_negative,negative
Hi The app is getting crashed when we navigate on 'navigate' menu on royal Enfield app. Not able to ,4,Performance,0.6,User Retention,0.5,positive,positive Performance review,fallback_classification,positive,positive
Not able to access my vehicle information,1,Security,0.6,Brand Trust,0.5,negative,negative Security review,fallback_classification,very_negative,negative
The app is crashing when I open navigation.,5,Performance,0.6,User Retention,0.5,positive,positive Performance review,fallback_classification,very_positive,positive
While going to navigation section the app is closing automatically. Needs to address the issue.- iss,5,Bugs,0.6,User Retention,0.5,positive,positive Bugs review,fallback_classification,very_positive,positive
"Need more functionality in the app like last parked, total distance covered etc.",4,Features,0.6,Engagement,0.5,positive,positive Features review,fallback_classification,positive,positive
VERY GOOD NICE,5,Other,0.6,Engagement,0.5,positive,positive Other review,fallback_classification,very_positive,positive
"I am 100percent sure, this app is created by dimwits, there is no logical flow of the application, u",1,UI/UX,0.6,Engagement,0.5,negative,negative UI/UX review,fallback_classification,very_negative,negative
very bad experience. can't even add my motorcycle. can't even enter my bikes chassis number properly,1,Features,0.6,Engagement,0.5,negative,negative Features review,fallback_classification,very_negative,negative
"I 've noticed that for the Himalayan 450, we need to keep the mobile screen active to view Google Ma",1,Performance,0.6,User Retention,0.5,negative,negative Performance review,fallback_classification,very_negative,negative
It's a great app. Very innovative.. First of a kind. HOWEVER..it lacks practicality. I still need to,4,Performance,0.6,User Retention,0.5,positive,positive Performance review,fallback_classification,positive,positive
"With the release of the new Himalayan, things have worsened. App misuses the no battery optimization",2,Performance,0.6,User Retention,0.5,negative,negative Performance review,fallback_classification,negative,negative
"All good but Can't found Accessories store to purchase further and app id also very heavy, it is rea",3,Security,0.6,Brand Trust,0.5,neutral,neutral Security review,fallback_classification,neutral,neutral
Its not working since last 4months and i have also called to support team about that but still the a,1,Bugs,0.6,User Retention,0.5,negative,negative Bugs review,fallback_classification,very_negative,negative
my review is from using the new Himalayan. the app needs a lot more updates and needs to be more ref,3,Security,0.6,Brand Trust,0.5,neutral,neutral Security review,fallback_classification,neutral,neutral
"After updating the app, when trying to open navigation it getting crash., After clearing everything ",4,Performance,0.6,User Retention,0.5,positive,positive Performance review,fallback_classification,positive,positive
This app stucked at 92% while updating.,1,Performance,0.6,User Retention,0.5,negative,negative Performance review,fallback_classification,very_negative,negative
"I am not able to add a location in navigation section, by using coordinates. Please help.",1,UI/UX,0.6,Engagement,0.5,negative,negative UI/UX review,fallback_classification,very_negative,negative
"17/03/2024 - Auto closing the app , when we clicking the Navigation. Give an update to soove the iss",1,Bugs,0.6,User Retention,0.5,negative,negative Bugs review,fallback_classification,very_negative,negative
It's good,5,Other,0.6,Engagement,0.5,positive,positive Other review,fallback_classification,very_positive,positive
Very bad experience with Royal Enfield store during bike service.,1,Customer_Support,0.6,Brand Trust,0.5,negative,negative Customer_Support review,fallback_classification,very_negative,negative
Poor delivey. Takes too much time in delivering bike. Himalaya 450. When you will receive your bike.,1,Customer_Support,0.6,Brand Trust,0.5,negative,negative Customer_Support review,fallback_classification,very_negative,negative
My Hunter 350 is not yet onboarded on app..applied before 8 days. Just next day after posting this p,4,Bugs,0.6,User Retention,0.5,positive,positive Bugs review,fallback_classification,positive,positive
Not working for s24 ultra mobile,1,Bugs,0.6,User Retention,0.5,negative,negative Bugs review,fallback_classification,very_negative,negative
I have poco x3 with Android 12 version of Android. Whenever iam trying to navigate and switch to dig,1,Bugs,0.6,User Retention,0.5,negative,negative Bugs review,fallback_classification,very_negative,negative
Best bike in premium segment....,5,Features,0.6,Engagement,0.5,positive,positive Features review,fallback_classification,very_positive,positive
Very poorly build app especially while connecting to my Himalayan 450. Never connects automatically ,1,Bugs,0.6,User Retention,0.5,negative,negative Bugs review,fallback_classification,very_negative,negative
"When I switch to navigate tab in the app,it takes me to the homescreen. previously it was working..n",2,Bugs,0.6,User Retention,0.5,negative,negative Bugs review,fallback_classification,negative,negative
"Installed to check my order status, didn't see anything but a blank screen.",1,Bugs,0.6,User Retention,0.5,negative,negative Bugs review,fallback_classification,very_negative,negative
Login issue Trying to login with my existing account but taking me to create new account,1,Bugs,0.6,User Retention,0.5,negative,negative Bugs review,fallback_classification,very_negative,negative
Whenever im trying to connect the navigation option the app is getting closed automatically. Not abl,3,UI/UX,0.6,Engagement,0.5,neutral,neutral UI/UX review,fallback_classification,neutral,neutral
My Himalayan 450 is not getting connected to my pixel 7 tried many and took it to showroom and they ,1,Bugs,0.6,User Retention,0.5,negative,negative Bugs review,fallback_classification,very_negative,negative
App need to more development...,1,Features,0.6,Engagement,0.5,negative,negative Features review,fallback_classification,very_negative,negative
Dcs motors very good service centre,5,Customer_Support,0.6,Brand Trust,0.5,positive,positive Customer_Support review,fallback_classification,very_positive,positive
Slow app ever,1,Performance,0.6,User Retention,0.5,negative,negative Performance review,fallback_classification,very_negative,negative
Not connect my Himalayan 450,1,Other,0.6,Engagement,0.5,negative,negative Other review,fallback_classification,very_negative,negative
App is crashing when using navigation,1,Performance,0.6,User Retention,0.5,negative,negative Performance review,fallback_classification,very_negative,negative
"Useless app till date, I tried using this app at different times but everytime I face some repeating",1,Security,0.6,Brand Trust,0.5,negative,negative Security review,fallback_classification,very_negative,negative
"""Hey @royalenfield, need your urgent help! Salesperson goofed up my Classic 350 Signal model booking",2,Billing,0.6,Revenue,0.5,negative,negative Billing review,fallback_classification,negative,negative
It is very good Feature implemented by RE . Spend time understand clearly,5,Features,0.6,Engagement,0.5,positive,positive Features review,fallback_classification,very_positive,positive
Why the navigation on the app not working and it is getting crashed,4,Performance,0.6,User Retention,0.5,positive,positive Performance review,fallback_classification,positive,positive
My Himalayan 450 is not getting connected to my S24 ultra. Even iphone and other devices are getting,2,Other,0.6,Engagement,0.5,negative,negative Other review,fallback_classification,negative,negative
I have Pixel 6 Android 14. I am unable to connect with Tripper Dash which comes with Himalayan 450. ,2,Bugs,0.6,User Retention,0.5,negative,negative Bugs review,fallback_classification,negative,negative
Himalayan 450 tripper is not connecting to pixel 6a,2,Features,0.6,Engagement,0.5,negative,negative Features review,fallback_classification,negative,negative
The navigation really needs an update... I installed it for like 4000 rs and ... It is a waste at th,3,UI/UX,0.6,Engagement,0.5,neutral,neutral UI/UX review,fallback_classification,neutral,neutral
The connection is not stable and the tripper always disconnects when the phone is locked. Not at all,1,UI/UX,0.6,Engagement,0.5,negative,negative UI/UX review,fallback_classification,very_negative,negative
"The app crashes everytime I click the ""navigation"" menu. Because of this I am not able to connect it",3,Performance,0.6,User Retention,0.5,neutral,neutral Performance review,fallback_classification,neutral,neutral
One of the worst services I have ever seen and they are not doing service good and don't go with thi,1,Customer_Support,0.6,Brand Trust,0.5,negative,negative Customer_Support review,fallback_classification,very_negative,negative
"This app, meant for navigation, is incredibly frustrating. Whenever I attempt to open the navigation",1,Performance,0.6,User Retention,0.5,negative,negative Performance review,fallback_classification,very_negative,negative
Worst app asks for otp everytime Update: It is working real smooth now after the fixed the issue tha,4,Security,0.6,Brand Trust,0.5,positive,positive Security review,fallback_classification,positive,positive
बहुत अच्छा लगा वहा जा कर । अच्छा सर्विस ही,5,Other,0.6,Engagement,0.5,positive,positive Other review,fallback_classification,very_positive,positive
Good 😃😃😃😃😃😃 varry good app,4,Other,0.6,Engagement,0.5,positive,positive Other review,fallback_classification,positive,positive
Too bad Royal Enfield motorcycles company don't purchase anyone... since I am facing lots of problem,1,Billing,0.6,Revenue,0.5,negative,negative Billing review,fallback_classification,very_negative,negative
App crashing frequently,1,Performance,0.6,User Retention,0.5,negative,negative Performance review,fallback_classification,very_negative,negative
Heating phone is a big issue,3,Bugs,0.6,User Retention,0.5,neutral,neutral Bugs review,fallback_classification,neutral,neutral
I owned meteor 350. From last one month I am unable to use navigation on my app as it get down crash,2,Performance,0.6,User Retention,0.5,negative,negative Performance review,fallback_classification,negative,negative
"Always showing data not available, and network error",1,Security,0.6,Brand Trust,0.5,negative,negative Security review,fallback_classification,very_negative,negative
Please make this app recognisable as gaming apk so that samsung users can use the navigation with sc,3,UI/UX,0.6,Engagement,0.5,neutral,neutral UI/UX review,fallback_classification,neutral,neutral
"I just installed app.....Tried to start tripper navigation.....app immediately closed and says"" Repo",1,UI/UX,0.6,Engagement,0.5,negative,negative UI/UX review,fallback_classification,very_negative,negative
Problem is still not resolved. Navigation is not getting connected for the past few days although I ,1,Performance,0.6,User Retention,0.5,negative,negative Performance review,fallback_classification,very_negative,negative
Crashes upon choosing navigate option,1,Performance,0.6,User Retention,0.5,negative,negative Performance review,fallback_classification,very_negative,negative
"In the above images as shown there are features like live tracking of the vechile, trip summary, vec",1,Features,0.6,Engagement,0.5,negative,negative Features review,fallback_classification,very_negative,negative
I couldn't connect to navigation system of Himalayan 452,3,UI/UX,0.6,Engagement,0.5,neutral,neutral UI/UX review,fallback_classification,neutral,neutral
Useless app . Can not see detailed bike booking details.,1,Features,0.6,Engagement,0.5,negative,negative Features review,fallback_classification,very_negative,negative
fake order tracking and their dates,1,Other,0.6,Engagement,0.5,negative,negative Other review,fallback_classification,very_negative,negative
Bad interface and doesn't working,1,Bugs,0.6,User Retention,0.5,negative,negative Bugs review,fallback_classification,very_negative,negative
Service in Chennai is worst...Not taking my bike for service since last 6 months... Never faced this,1,Bugs,0.6,User Retention,0.5,negative,negative Bugs review,fallback_classification,very_negative,negative
After updating this app it stopped working for Meteor which I had purchased 2 years ago. This is ver,1,Billing,0.6,Revenue,0.5,negative,negative Billing review,fallback_classification,very_negative,negative
It is crashing everytime I try to use navigation,1,Performance,0.6,User Retention,0.5,negative,negative Performance review,fallback_classification,very_negative,negative
Great exorience,5,Other,0.6,Engagement,0.5,positive,positive Other review,fallback_classification,very_positive,positive
Not able to connect my Nord ce 5G Android phone with my new Himalayan 452 bike. Have taken to showro,5,Bugs,0.6,User Retention,0.5,positive,positive Bugs review,fallback_classification,very_positive,positive
Too good,5,Other,0.6,Engagement,0.5,positive,positive Other review,fallback_classification,very_positive,positive
The navigate tab in not working. When its clicked the app crashes. Unable to use the tripper due to ,1,Performance,0.6,User Retention,0.5,negative,negative Performance review,fallback_classification,very_negative,negative
Why does the app try to get my location at 12 pm everyday? Extremely dodgy. This is when the app is ,1,Bugs,0.6,User Retention,0.5,negative,negative Bugs review,fallback_classification,very_negative,negative
Unable to track my classic 350 signals marsh grey booking. Application is showing very basic trackin,1,Customer_Support,0.6,Brand Trust,0.5,negative,negative Customer_Support review,fallback_classification,very_negative,negative
Very bad experience,1,Other,0.6,Engagement,0.5,negative,negative Other review,fallback_classification,very_negative,negative
It make easy to know about your bick. .Hunter 350. ❤,5,Other,0.6,Engagement,0.5,positive,positive Other review,fallback_classification,very_positive,positive
"In Himalayan 450 I can't able to connect my pixel device for map navigation and any other purposes, ",1,UI/UX,0.6,Engagement,0.5,negative,negative UI/UX review,fallback_classification,very_negative,negative
Tripper navigation is wastage of money.it do not work in no network zone. Instead of that Inbuilt Gp,1,Billing,0.6,Revenue,0.5,negative,negative Billing review,fallback_classification,very_negative,negative
I am not able to connect trip meter showing warning,3,Features,0.6,Engagement,0.5,neutral,neutral Features review,fallback_classification,neutral,neutral
Excellent👏👍💯,5,Other,0.6,Engagement,0.5,positive,positive Other review,fallback_classification,very_positive,positive
worst app unable to book service appointment,1,Customer_Support,0.6,Brand Trust,0.5,negative,negative Customer_Support review,fallback_classification,very_negative,negative
How to book a bike kaise kare guys,1,Other,0.6,Engagement,0.5,negative,negative Other review,fallback_classification,very_negative,negative
Very good application,5,Other,0.6,Engagement,0.5,positive,positive Other review,fallback_classification,very_positive,positive
App keeps crashing when I click on navigation,1,Performance,0.6,User Retention,0.5,negative,negative Performance review,fallback_classification,very_negative,negative
I am trying to use tripper navigation on Oppo R15 Pro through RE App. However app collapses immediat,1,Bugs,0.6,User Retention,0.5,negative,negative Bugs review,fallback_classification,very_negative,negative
Nice support from royal Enfield team but facing the same issue aggan need to add more devices to app,2,Bugs,0.6,User Retention,0.5,negative,negative Bugs review,fallback_classification,negative,negative
"Tried the navigation today, and was able to make it to work on the analogue mode of the speedo.... T",3,Security,0.6,Brand Trust,0.5,neutral,neutral Security review,fallback_classification,neutral,neutral
Good but screen not off.....🫤🫤,4,UI/UX,0.6,Engagement,0.5,positive,positive UI/UX review,fallback_classification,positive,positive
So many buggs....app kepps on crashing while opening navigation menue pls fix,1,Performance,0.6,User Retention,0.5,negative,negative Performance review,fallback_classification,very_negative,negative
Where is joysticks in meteor 350 suparnova ??,1,Other,0.6,Engagement,0.5,negative,negative Other review,fallback_classification,very_negative,negative
Him 450 &S24 ultra. Not getting connected. Is this due to incompatibility with higher android versio,3,Bugs,0.6,User Retention,0.5,neutral,neutral Bugs review,fallback_classification,neutral,neutral
So many glitches. Wingman doesn't work if you add two bikes,1,Bugs,0.6,User Retention,0.5,negative,negative Bugs review,fallback_classification,very_negative,negative
Not so user friendly. Pages loads forever. Doesn't open. Had to close and restart the app.,1,UI/UX,0.6,Engagement,0.5,negative,negative UI/UX review,fallback_classification,very_negative,negative
My app is crashing again and again and I am not able to use navigation.,2,Performance,0.6,User Retention,0.5,negative,negative Performance review,fallback_classification,negative,negative
Not able to connect to my Pixel 8 device,2,Other,0.6,Engagement,0.5,negative,negative Other review,fallback_classification,negative,negative
After update the navigation is not working. When the navigate button is clicked the app auto closes,3,Bugs,0.6,User Retention,0.5,neutral,neutral Bugs review,fallback_classification,neutral,neutral
Best service.,1,Customer_Support,0.6,Brand Trust,0.5,negative,negative Customer_Support review,fallback_classification,very_negative,negative
Worst after the update not connecting at all with the RE DISP.,1,Features,0.6,Engagement,0.5,negative,negative Features review,fallback_classification,very_negative,negative
Worst app. Never responds when required. So much lag,1,Performance,0.6,User Retention,0.5,negative,negative Performance review,fallback_classification,very_negative,negative
This is one of the worst apps I have ever used. The app is unresponsive most of the time. Basic navi,1,Performance,0.6,User Retention,0.5,negative,negative Performance review,fallback_classification,very_negative,negative
The service from this center is awesome.,5,Customer_Support,0.6,Brand Trust,0.5,positive,positive Customer_Support review,fallback_classification,very_positive,positive
Please ensure proper testing is conducted before releasing updates. I am unable to locate the servic,1,Customer_Support,0.6,Brand Trust,0.5,negative,negative Customer_Support review,fallback_classification,very_negative,negative
When ever i try to connect with my himalayan 450 its displaying no netword connection and my network,1,Features,0.6,Engagement,0.5,negative,negative Features review,fallback_classification,very_negative,negative
Never Usefull. Always shows obtaining your vehicle details please try again from past 4 monts,1,Other,0.6,Engagement,0.5,negative,negative Other review,fallback_classification,very_negative,negative
Unable to connect in pixel 6,1,Other,0.6,Engagement,0.5,negative,negative Other review,fallback_classification,very_negative,negative
Not soo good..,2,Other,0.6,Engagement,0.5,negative,negative Other review,fallback_classification,negative,negative
I have classic 350 Halcyon Black and I want alloys wheels but No option to buy Alloys wheels very di,1,Features,0.6,Engagement,0.5,negative,negative Features review,fallback_classification,very_negative,negative
Update: The issue has since been resolved. 👍 Please update the screen being on. Maps stopped working,4,Bugs,0.6,User Retention,0.5,positive,positive Bugs review,fallback_classification,positive,positive
Why can't you people add spare parts tab to buy online... very disappointing please sell the spares ,1,Features,0.6,Engagement,0.5,negative,negative Features review,fallback_classification,very_negative,negative
the app keeps crashing and disconnect from the device or to say the dash. I added one more star for ,4,Performance,0.6,User Retention,0.5,positive,positive Performance review,fallback_classification,positive,positive
Update: My issue is resolved as the developer contacted me on zoom call and released an update. Hope,4,Bugs,0.6,User Retention,0.5,positive,positive Bugs review,fallback_classification,positive,positive
Unable to book service through app for last few days and neither are they responding to calls.,1,Customer_Support,0.6,Brand Trust,0.5,negative,negative Customer_Support review,fallback_classification,very_negative,negative
Great app very useful but tripper connecting takes time and slow asf app,4,Performance,0.6,User Retention,0.5,positive,positive Performance review,fallback_classification,positive,positive
"Getting error ""quota check failed"" while trying to use navigation Bike: Himalayan 450 Extra informat",3,Bugs,0.6,User Retention,0.5,neutral,neutral Bugs review,fallback_classification,neutral,neutral
worst aal,1,Other,0.6,Engagement,0.5,negative,negative Other review,fallback_classification,very_negative,negative
Too many bugs in the new update. App keeps crashing,1,Performance,0.6,User Retention,0.5,negative,negative Performance review,fallback_classification,very_negative,negative
"Unable to log in, asking me for my mobile number and email address. Then says that this email addres",1,Customer_Support,0.6,Brand Trust,0.5,negative,negative Customer_Support review,fallback_classification,very_negative,negative
Himalayan 450: There is no option to manage vehicle settings without fiddling with poor joystick. Au,1,UI/UX,0.6,Engagement,0.5,negative,negative UI/UX review,fallback_classification,very_negative,negative
"Main attraction of the app is navigate and that doesn't work, Google maps API is not working, map is",1,Performance,0.6,User Retention,0.5,negative,negative Performance review,fallback_classification,very_negative,negative
We can't rely on tripper navigator in city routes. It's icons are quite a confusing. Several instanc,2,UI/UX,0.6,Engagement,0.5,negative,negative UI/UX review,fallback_classification,negative,negative
App keeps crashing. Everytime I connect to my new Himalayan 450 and start navigation the app just cr,1,Performance,0.6,User Retention,0.5,negative,negative Performance review,fallback_classification,very_negative,negative
Unable to connect my Pixel 7 Pro with Himalayan 450. Already sent numerous email to RE support no re,1,Customer_Support,0.6,Brand Trust,0.5,negative,negative Customer_Support review,fallback_classification,very_negative,negative
Not work for Europ,1,Other,0.6,Engagement,0.5,negative,negative Other review,fallback_classification,very_negative,negative
It's a good app,5,Other,0.6,Engagement,0.5,positive,positive Other review,fallback_classification,very_positive,positive
Very slow aap open,1,Performance,0.6,User Retention,0.5,negative,negative Performance review,fallback_classification,very_negative,negative
Could have been better,3,Other,0.6,Engagement,0.5,neutral,neutral Other review,fallback_classification,neutral,neutral
Very bad app. No use. Once you book for servicing you won't be able to cancel it from app. When you ,1,Customer_Support,0.6,Brand Trust,0.5,negative,negative Customer_Support review,fallback_classification,very_negative,negative
Very fast delivery today Sri Ram moto corp in bhagalpur,5,Customer_Support,0.6,Brand Trust,0.5,positive,positive Customer_Support review,fallback_classification,very_positive,positive
Not download . Different times 😡😡😡😡,1,Other,0.6,Engagement,0.5,negative,negative Other review,fallback_classification,very_negative,negative
So sorry to give 1 star. The navigation is so misguiding and inaccurate we have to rely on google ma,1,UI/UX,0.6,Engagement,0.5,negative,negative UI/UX review,fallback_classification,very_negative,negative
Himalayan 450 – cannot connect with Google pixel 6a above series,1,Other,0.6,Engagement,0.5,negative,negative Other review,fallback_classification,very_negative,negative
"Bugg app. UI is not user friendly. The tripper doesn't connect automatically, I have to turn off my ",1,Performance,0.6,User Retention,0.5,negative,negative Performance review,fallback_classification,very_negative,negative
"Most slowest application in Play Store, I don't know how they achieve this...Even with broadband con",1,Performance,0.6,User Retention,0.5,negative,negative Performance review,fallback_classification,very_negative,negative
Doesn't work on tab,1,Bugs,0.6,User Retention,0.5,negative,negative Bugs review,fallback_classification,very_negative,negative
Fix it plz,2,Bugs,0.6,User Retention,0.5,negative,negative Bugs review,fallback_classification,negative,negative
I love re,5,Other,0.6,Engagement,0.5,positive,positive Other review,fallback_classification,very_positive,positive
Very poor application. Never been able to connect to tripper in my meteor 350 with my OnePlus 9R. Sh,1,Bugs,0.6,User Retention,0.5,negative,negative Bugs review,fallback_classification,very_negative,negative
Not connecting to Himalayan tripper dash,1,Features,0.6,Engagement,0.5,negative,negative Features review,fallback_classification,very_negative,negative
Do not purchase RE I purchase new re in July 2023 around 267000 and it is having engine complaint cl,1,Billing,0.6,Revenue,0.5,negative,negative Billing review,fallback_classification,very_negative,negative
"RE's new tracking feature of your booked motorcycle is a big scam, have lots of technical issue. Tea",1,Bugs,0.6,User Retention,0.5,negative,negative Bugs review,fallback_classification,very_negative,negative
In Kopergaon showroom service is very good Especially Sagar sir are awesome 👍,5,Customer_Support,0.6,Brand Trust,0.5,positive,positive Customer_Support review,fallback_classification,very_positive,positive
Everytime I open the application it asks for login thru mobile number and OTP. Don't know if it's no,1,Security,0.6,Brand Trust,0.5,negative,negative Security review,fallback_classification,very_negative,negative
Unable to use navigation on new himalayan 450 with Android 14 phone. Folks at showroom told this is ,2,Bugs,0.6,User Retention,0.5,negative,negative Bugs review,fallback_classification,negative,negative
worst experience.. full lag,1,Performance,0.6,User Retention,0.5,negative,negative Performance review,fallback_classification,very_negative,negative
How to connect bullet 350 miltiary black model with this app,5,Other,0.6,Engagement,0.5,positive,positive Other review,fallback_classification,very_positive,positive
"Himalayan 450 tripper does not connect to Google pixel phone (tried with 6a and 7 ), Android 14 (NOT",1,Bugs,0.6,User Retention,0.5,negative,negative Bugs review,fallback_classification,very_negative,negative
"Please make this app crash free, on notification bar of phone navigation is on, first the tripper po",3,Performance,0.6,User Retention,0.5,neutral,neutral Performance review,fallback_classification,neutral,neutral
"Tried conecting my Pixel 7 with New Hinalayan tripper dash but everytime it fails, been able to conn",1,Bugs,0.6,User Retention,0.5,negative,negative Bugs review,fallback_classification,very_negative,negative
Super smoth and long ride meteor 350 super nova,5,Other,0.6,Engagement,0.5,positive,positive Other review,fallback_classification,very_positive,positive
App is frekin slow.. have to wait an eternity to get something loaded,2,Performance,0.6,User Retention,0.5,negative,negative Performance review,fallback_classification,negative,negative
Edit - The newer tripper devices come with call notifications. What about the old tripper devices? W,2,Features,0.6,Engagement,0.5,negative,negative Features review,fallback_classification,negative,negative
"After I pair the phone and put in a destination, if the phone locks it disconnects from the tripper ",3,Features,0.6,Engagement,0.5,neutral,neutral Features review,fallback_classification,neutral,neutral
terrible terrible app..sticky navigation.. ghastly loading time when you click anywhere..too many op,1,Performance,0.6,User Retention,0.5,negative,negative Performance review,fallback_classification,very_negative,negative
"Hi royal Enfield team every time am trying to reinstall the app in mobile , if i have previously reg",1,Performance,0.6,User Retention,0.5,negative,negative Performance review,fallback_classification,very_negative,negative
After updating firmware new Himalayan 450 dash tripper getting engine symbol on bike,1,Features,0.6,Engagement,0.5,negative,negative Features review,fallback_classification,very_negative,negative
"Please imporve, navigation didn't work , suddenly stop during riding ,lots of bugs, please imporve, ",1,Billing,0.6,Revenue,0.5,negative,negative Billing review,fallback_classification,very_negative,negative
Unable to connect to the new Himalayan using this app. Looks like this problem is with Android 14 ph,1,Bugs,0.6,User Retention,0.5,negative,negative Bugs review,fallback_classification,very_negative,negative
My issue was resolved by the company. Actually I was very suprised that company was very attentive t,5,Bugs,0.6,User Retention,0.5,positive,positive Bugs review,fallback_classification,very_positive,positive
Nonsense app,1,Other,0.6,Engagement,0.5,negative,negative Other review,fallback_classification,very_negative,negative
the store doesnt accept returns even in geuine situations. i ordered a visor which clearly was misfi,1,Billing,0.6,Revenue,0.5,negative,negative Billing review,fallback_classification,very_negative,negative
Although other parameters are fine but the issue with the navigation is quit confusing. Why enfield ,4,Bugs,0.6,User Retention,0.5,positive,positive Bugs review,fallback_classification,positive,positive
Excellent service point,5,Customer_Support,0.6,Brand Trust,0.5,positive,positive Customer_Support review,fallback_classification,very_positive,positive
Unable to connect with Pixel 6 om Android 14. Tried multiple times. It's connecting with other phone,1,Other,0.6,Engagement,0.5,negative,negative Other review,fallback_classification,very_negative,negative
Not able to connect my Android phone to nee himalayan 450,1,Other,0.6,Engagement,0.5,negative,negative Other review,fallback_classification,very_negative,negative
Not user friendly,2,UI/UX,0.6,Engagement,0.5,negative,negative UI/UX review,fallback_classification,negative,negative
I can see settings option for tripper navigation but it's not working. Not able to change anything. ,3,Performance,0.6,User Retention,0.5,neutral,neutral Performance review,fallback_classification,neutral,neutral
"This doesn't connect on Himalayan 450 , im using pixel 6a",1,Other,0.6,Engagement,0.5,negative,negative Other review,fallback_classification,very_negative,negative
Edit - DO NOT PURCHASE CAPS - THEY'RE NON-REFUNDABLE They've taken 15 days to resolve a re-escalated,1,Billing,0.6,Revenue,0.5,negative,negative Billing review,fallback_classification,very_negative,negative
The tripper dash on my new Himi 450 is not getting connected to my Pixel Pro7 phone running Android ,3,Bugs,0.6,User Retention,0.5,neutral,neutral Bugs review,fallback_classification,neutral,neutral
Bad app.. nothing useful. Just a gimmick app,1,Other,0.6,Engagement,0.5,negative,negative Other review,fallback_classification,very_negative,negative
Unable to register with new number,1,Other,0.6,Engagement,0.5,negative,negative Other review,fallback_classification,very_negative,negative
Update to tripper firmware option doesn't work. The tripper is not that useful and not a vfm accesso,3,Security,0.6,Brand Trust,0.5,neutral,neutral Security review,fallback_classification,neutral,neutral
No call notification msg notification,1,Features,0.6,Engagement,0.5,negative,negative Features review,fallback_classification,very_negative,negative
Why you are removing Himalayan old Configuration,1,Other,0.6,Engagement,0.5,negative,negative Other review,fallback_classification,very_negative,negative
"Not useful, shows wrong directions and if someone shares you a location then theres no way to open t",1,Other,0.6,Engagement,0.5,negative,negative Other review,fallback_classification,very_negative,negative
My phone is not able to connect to Himalayan 450 tripper dash but with iPhone I'm able to connect.,2,Features,0.6,Engagement,0.5,negative,negative Features review,fallback_classification,negative,negative
The Tipper pod is disconnecting / hanging frequently. Can't rely on it's navigation arrows. Please f,2,Performance,0.6,User Retention,0.5,negative,negative Performance review,fallback_classification,negative,negative
The app is slower than a tortoise 🐢,1,Performance,0.6,User Retention,0.5,negative,negative Performance review,fallback_classification,very_negative,negative
Very Very bad,1,Other,0.6,Engagement,0.5,negative,negative Other review,fallback_classification,very_negative,negative
App is very slow,1,Performance,0.6,User Retention,0.5,negative,negative Performance review,fallback_classification,very_negative,negative
Cannot get my account to work properly or figure out how to track my booking. When I go into setting,1,Bugs,0.6,User Retention,0.5,negative,negative Bugs review,fallback_classification,very_negative,negative
Unloading in progress since 2 months,1,Performance,0.6,User Retention,0.5,negative,negative Performance review,fallback_classification,very_negative,negative
Average,1,Other,0.6,Engagement,0.5,negative,negative Other review,fallback_classification,very_negative,negative
Dear RE Is it really hard to make fast responsive app ????,1,Other,0.6,Engagement,0.5,negative,negative Other review,fallback_classification,very_negative,negative
Service was not good poor service most of staf had casual aproch,1,Customer_Support,0.6,Brand Trust,0.5,negative,negative Customer_Support review,fallback_classification,very_negative,negative
I can't pair my phone to the new Himalayan .it's not possible to pair,1,Other,0.6,Engagement,0.5,negative,negative Other review,fallback_classification,very_negative,negative
All staff exllent,5,Customer_Support,0.6,Brand Trust,0.5,positive,positive Customer_Support review,fallback_classification,very_positive,positive
"I'm using meteor 350 , from the last update the map navigation didn't work/not working properly. The",2,Bugs,0.6,User Retention,0.5,negative,negative Bugs review,fallback_classification,negative,negative
Useless app. Afte login just getting loading not allowing to add the bike. Please fix the app being ,1,Performance,0.6,User Retention,0.5,negative,negative Performance review,fallback_classification,very_negative,negative
"Navigation doesn't work properly, after sometime of navigation tutns off automatically.",3,Bugs,0.6,User Retention,0.5,neutral,neutral Bugs review,fallback_classification,neutral,neutral
App is very unreliable since it does not show the full map and only show arrows. I also face frequen,2,UI/UX,0.6,Engagement,0.5,negative,negative UI/UX review,fallback_classification,negative,negative
Worst navigatior app ever,1,Other,0.6,Engagement,0.5,negative,negative Other review,fallback_classification,very_negative,negative
Good experience,5,Other,0.6,Engagement,0.5,positive,positive Other review,fallback_classification,very_positive,positive
Noice 👌,5,Other,0.6,Engagement,0.5,positive,positive Other review,fallback_classification,very_positive,positive
Singal item not purchase,1,Billing,0.6,Revenue,0.5,negative,negative Billing review,fallback_classification,very_negative,negative
Superb,4,Other,0.6,Engagement,0.5,positive,positive Other review,fallback_classification,positive,positive
"Not any help Not showing price, specification Only show image",1,Billing,0.6,Revenue,0.5,negative,negative Billing review,fallback_classification,very_negative,negative
Satisfied,5,Other,0.6,Engagement,0.5,positive,positive Other review,fallback_classification,very_positive,positive
"Worst app, after updating the app to the latest version the device is unable to connect.. I also tri",3,Bugs,0.6,User Retention,0.5,neutral,neutral Bugs review,fallback_classification,neutral,neutral
Need to improvement in service and behaviour of showroom staff also need to improve in After sales s,1,Customer_Support,0.6,Brand Trust,0.5,negative,negative Customer_Support review,fallback_classification,very_negative,negative
"All at good 👍 but accessories book online and cancel order this time impossible 😐,is very bad 👎 expe",2,Security,0.6,Brand Trust,0.5,negative,negative Security review,fallback_classification,negative,negative
i purchased tripper navigation from royal Enfield for my classic reborn. but every time. i drive aft,2,Billing,0.6,Revenue,0.5,negative,negative Billing review,fallback_classification,negative,negative
New motorcycle tracking is not at all helping. Tentative date keeps changing everyday. No meaning at,1,Performance,0.6,User Retention,0.5,negative,negative Performance review,fallback_classification,very_negative,negative
Pathetic experience. Such a pain to connect. App crashes all the time. Always on display. Poor batte,1,Performance,0.6,User Retention,0.5,negative,negative Performance review,fallback_classification,very_negative,negative
"Horrible user experience. Why does the app need access to location all the time, instead of while us",1,Security,0.6,Brand Trust,0.5,negative,negative Security review,fallback_classification,very_negative,negative
"I am not able to download it, evey time it goes to 30 %, it fails, pls resolve the issue. Edit - jus",5,Bugs,0.6,User Retention,0.5,positive,positive Bugs review,fallback_classification,very_positive,positive
When the record route feature will come,5,Features,0.6,Engagement,0.5,positive,positive Features review,fallback_classification,very_positive,positive
Service good. Prober delivery time..,5,Customer_Support,0.6,Brand Trust,0.5,positive,positive Customer_Support review,fallback_classification,very_positive,positive
I purchased the navigation device for my classic reborn considering the features in the screenshots ,2,Security,0.6,Brand Trust,0.5,negative,negative Security review,fallback_classification,negative,negative
I'm not able to login through the app.,1,Bugs,0.6,User Retention,0.5,negative,negative Bugs review,fallback_classification,very_negative,negative
Worst app. Didn't work as advertised.,1,Other,0.6,Engagement,0.5,negative,negative Other review,fallback_classification,very_negative,negative
The tripper navigation light (in light mode) is too bright and disturbs the visibility especially wh,4,UI/UX,0.6,Engagement,0.5,positive,positive UI/UX review,fallback_classification,positive,positive
Useful,4,Other,0.6,Engagement,0.5,positive,positive Other review,fallback_classification,positive,positive
Mechanic NYC BEHAVIOUR And Service Manager VERY nice guys ND Friendly person 😊👍❤️🎈,5,Customer_Support,0.6,Brand Trust,0.5,positive,positive Customer_Support review,fallback_classification,very_positive,positive
"Recently got a RE Meteor. Installed the tripper and it worked only once. Since a day/two, app is not",1,Security,0.6,Brand Trust,0.5,negative,negative Security review,fallback_classification,very_negative,negative
Really it's a Good App,5,Other,0.6,Engagement,0.5,positive,positive Other review,fallback_classification,very_positive,positive
"Good app easy to check service cost, and service history and service booking",5,Billing,0.6,Revenue,0.5,positive,positive Billing review,fallback_classification,very_positive,positive
There is one big concerning issue with tripper navigation. I started navigation from pune to Mumbai.,4,Performance,0.6,User Retention,0.5,positive,positive Performance review,fallback_classification,positive,positive
"Can we get Spotify, calling notification on instrument cluster",3,Features,0.6,Engagement,0.5,neutral,neutral Features review,fallback_classification,neutral,neutral
Track order error show kar raha he. Worst application and services,1,Bugs,0.6,User Retention,0.5,negative,negative Bugs review,fallback_classification,very_negative,negative
When update tripper nevigation call and notification alert.,2,Features,0.6,Engagement,0.5,negative,negative Features review,fallback_classification,negative,negative
"After recent upgrade, it is not showing order tracking, while clicking on track order it is throughi",5,Bugs,0.6,User Retention,0.5,positive,positive Bugs review,fallback_classification,very_positive,positive
After updating app on 20 November 2023 there is some glich in tracking my order. It showing error me,1,Bugs,0.6,User Retention,0.5,negative,negative Bugs review,fallback_classification,very_negative,negative
Nov 2023 Updates. Change in bike icon. Phone call indication on tripper screen seen. But who is call,2,Performance,0.6,User Retention,0.5,negative,negative Performance review,fallback_classification,negative,negative
Immediate response from RE team (Mr Rajiv) makes us feel that trust in brand. I am happy that I opte,5,Billing,0.6,Revenue,0.5,positive,positive Billing review,fallback_classification,very_positive,positive
Not smooth,2,Other,0.6,Engagement,0.5,negative,negative Other review,fallback_classification,negative,negative
Avg features,3,Features,0.6,Engagement,0.5,neutral,neutral Features review,fallback_classification,neutral,neutral
Great app,4,Other,0.6,Engagement,0.5,positive,positive Other review,fallback_classification,positive,positive
Worst app. App is getting closed automatically,1,Other,0.6,Engagement,0.5,negative,negative Other review,fallback_classification,very_negative,negative
V bad meteor 350 and their customer service. Specifically Saha distributor kolkata.,1,Customer_Support,0.6,Brand Trust,0.5,negative,negative Customer_Support review,fallback_classification,very_negative,negative
Try to putt notification like call s massage sync while mobile connection,5,Features,0.6,Engagement,0.5,positive,positive Features review,fallback_classification,very_positive,positive
"Not opening app after reinstalling also. When tried to open and its getting closed automatically, I ",1,Performance,0.6,User Retention,0.5,negative,negative Performance review,fallback_classification,very_negative,negative
Unabyto connect the tripper navigation,2,UI/UX,0.6,Engagement,0.5,negative,negative UI/UX review,fallback_classification,negative,negative
Tripper navigation works well. Accessories purchase option is missing Update. Received the response ,5,Security,0.6,Brand Trust,0.5,positive,positive Security review,fallback_classification,very_positive,positive
Very bad bike company in my life,1,Other,0.6,Engagement,0.5,negative,negative Other review,fallback_classification,very_negative,negative
"Can I get service details of my bike if I login with my details. If not, please include that, which ",1,Bugs,0.6,User Retention,0.5,negative,negative Bugs review,fallback_classification,very_negative,negative
Excellent work royal Enfield entries team' all the best,5,Other,0.6,Engagement,0.5,positive,positive Other review,fallback_classification,very_positive,positive
Service staff is badly treated you.,1,Customer_Support,0.6,Brand Trust,0.5,negative,negative Customer_Support review,fallback_classification,very_negative,negative
The best of one 1901 real royal Enfield,5,Other,0.6,Engagement,0.5,positive,positive Other review,fallback_classification,very_positive,positive
"Pretty useless app,getting disconnected frequently with re meteor navigation,same issue since 1 year",1,Bugs,0.6,User Retention,0.5,negative,negative Bugs review,fallback_classification,very_negative,negative
Very bad UI,1,UI/UX,0.6,Engagement,0.5,negative,negative UI/UX review,fallback_classification,very_negative,negative
Very slow app,1,Performance,0.6,User Retention,0.5,negative,negative Performance review,fallback_classification,very_negative,negative
"update- there have been some noticeable improvements in the app, the navigation is noticeable better",4,Billing,0.6,Revenue,0.5,positive,positive Billing review,fallback_classification,positive,positive
Excellent good app,5,Other,0.6,Engagement,0.5,positive,positive Other review,fallback_classification,very_positive,positive
I want royal Enfield Himalayan 450 in the app.,3,Features,0.6,Engagement,0.5,neutral,neutral Features review,fallback_classification,neutral,neutral
"I reduced this rating from 2 to 1 after ownership of classic 350 from 6onths, so the issues I raised",1,Bugs,0.6,User Retention,0.5,negative,negative Bugs review,fallback_classification,very_negative,negative
Spr ❤️,5,Other,0.6,Engagement,0.5,positive,positive Other review,fallback_classification,very_positive,positive
Worst I have troubleshoot at the sign in page itself...I was not able to fix my dob💀,1,Bugs,0.6,User Retention,0.5,negative,negative Bugs review,fallback_classification,very_negative,negative
Good Experience and positive response from the service team while taking the bike for service. Expla,5,Performance,0.6,User Retention,0.5,positive,positive Performance review,fallback_classification,very_positive,positive
Slow and crashes frequently,5,Performance,0.6,User Retention,0.5,positive,positive Performance review,fallback_classification,very_positive,positive
Nice application 👍,5,Other,0.6,Engagement,0.5,positive,positive Other review,fallback_classification,very_positive,positive
Tooooo slow,1,Performance,0.6,User Retention,0.5,negative,negative Performance review,fallback_classification,very_negative,negative
naitonal moters is very good and Kamal madam is staff ji vary good ji,5,Customer_Support,0.6,Brand Trust,0.5,positive,positive Customer_Support review,fallback_classification,very_positive,positive
Slowest UI,1,Performance,0.6,User Retention,0.5,negative,negative Performance review,fallback_classification,very_negative,negative
Very bad experience about re My hunter 350 just 1year running. To much problem in this bike silencer,1,Bugs,0.6,User Retention,0.5,negative,negative Bugs review,fallback_classification,very_negative,negative
Worst app i have ever used. Royal enfield should concentrate on bikes only this technology and apps ,1,Other,0.6,Engagement,0.5,negative,negative Other review,fallback_classification,very_negative,negative
The app is used to track user location. Even when we are not riding the bike. Why should we allow lo,1,Security,0.6,Brand Trust,0.5,negative,negative Security review,fallback_classification,very_negative,negative
Not useful,1,Other,0.6,Engagement,0.5,negative,negative Other review,fallback_classification,very_negative,negative
Can't lode,1,Other,0.6,Engagement,0.5,negative,negative Other review,fallback_classification,very_negative,negative
Very Good experience staffs are very friendly,5,Customer_Support,0.6,Brand Trust,0.5,positive,positive Customer_Support review,fallback_classification,very_positive,positive
Fuel injector dikhana chiye,5,Other,0.6,Engagement,0.5,positive,positive Other review,fallback_classification,very_positive,positive
All were great... Helped om every step that too very politely Nice experience,5,Other,0.6,Engagement,0.5,positive,positive Other review,fallback_classification,very_positive,positive
You need to do some serious work on your app if you want it to be atleast functional. Everytime it s,1,Features,0.6,Engagement,0.5,negative,negative Features review,fallback_classification,very_negative,negative
One of the worst app. Very slow to use and vechicle detail still on pending.. sorry to don't install,1,Performance,0.6,User Retention,0.5,negative,negative Performance review,fallback_classification,very_negative,negative
I'm happy 😊,3,Other,0.6,Engagement,0.5,neutral,neutral Other review,fallback_classification,neutral,neutral
I am not able to access the app,1,Security,0.6,Brand Trust,0.5,negative,negative Security review,fallback_classification,very_negative,negative
Not connect so many time trying but never connected triple nevigation system,1,Features,0.6,Engagement,0.5,negative,negative Features review,fallback_classification,very_negative,negative
App should show the current locations of vehicle carrying motorcycle on maps for live booking status,3,Features,0.6,Engagement,0.5,neutral,neutral Features review,fallback_classification,neutral,neutral
"Too much slow, lot of show but very poor service providing app. I am extremely disgusted with the op",2,Security,0.6,Brand Trust,0.5,negative,negative Security review,fallback_classification,negative,negative
Worst interface app for such a premium bike,1,UI/UX,0.6,Engagement,0.5,negative,negative UI/UX review,fallback_classification,very_negative,negative
Black screen while tracking my Booking ID. It was working before but suddenly it started showing a b,4,Performance,0.6,User Retention,0.5,positive,positive Performance review,fallback_classification,positive,positive
After enter the code connect button still inactive and couldn't conect with device.,1,UI/UX,0.6,Engagement,0.5,negative,negative UI/UX review,fallback_classification,very_negative,negative
Slow to respond,3,Performance,0.6,User Retention,0.5,neutral,neutral Performance review,fallback_classification,neutral,neutral
"I absolutely adore your ""tripper navigator."" It's just incredible how it excels at guiding me in nev",1,Billing,0.6,Revenue,0.5,negative,negative Billing review,fallback_classification,very_negative,negative
useless app. never imagined a company with such huge brand image made this their official app,1,Other,0.6,Engagement,0.5,negative,negative Other review,fallback_classification,very_negative,negative
COMPANY RETURN POLICY IS BAD,1,Other,0.6,Engagement,0.5,negative,negative Other review,fallback_classification,very_negative,negative
I am really disappointed from the tripper navigation. I paid 5000 for this tripper navigator and it ,1,Billing,0.6,Revenue,0.5,negative,negative Billing review,fallback_classification,very_negative,negative
Nice app very helpful but i have an opinion that to add feedback about regarding service centre so t,5,Billing,0.6,Revenue,0.5,positive,positive Billing review,fallback_classification,very_positive,positive
App ui is good but I am planning to buying a bike but in miy option when i add all the accessories m,3,Security,0.6,Brand Trust,0.5,neutral,neutral Security review,fallback_classification,neutral,neutral
No massage,1,Other,0.6,Engagement,0.5,negative,negative Other review,fallback_classification,very_negative,negative
The app is totally useless as same as the service center and sales team in Chennai arcot road.,1,Customer_Support,0.6,Brand Trust,0.5,negative,negative Customer_Support review,fallback_classification,very_negative,negative
While login/registration asking only for phone number. While validate saying the gmail already exist,1,Bugs,0.6,User Retention,0.5,negative,negative Bugs review,fallback_classification,very_negative,negative
5 Star,5,Other,0.6,Engagement,0.5,positive,positive Other review,fallback_classification,very_positive,positive
Navigation is getting stopped after several kilometre..,3,UI/UX,0.6,Engagement,0.5,neutral,neutral UI/UX review,fallback_classification,neutral,neutral
Royal Enfield service very poor,1,Customer_Support,0.6,Brand Trust,0.5,negative,negative Customer_Support review,fallback_classification,very_negative,negative
Where's the store app,3,Other,0.6,Engagement,0.5,neutral,neutral Other review,fallback_classification,neutral,neutral
Nice service at Ajay auto bathinda,5,Customer_Support,0.6,Brand Trust,0.5,positive,positive Customer_Support review,fallback_classification,very_positive,positive
Was decent and now has brocme worst! The connection with vehicle drops randomly once in 20 - 25 minu,2,Performance,0.6,User Retention,0.5,negative,negative Performance review,fallback_classification,negative,negative
Very slow & buggy app,3,Performance,0.6,User Retention,0.5,neutral,neutral Performance review,fallback_classification,neutral,neutral
Nice experience with this app,5,Other,0.6,Engagement,0.5,positive,positive Other review,fallback_classification,very_positive,positive
Worst experience they really don't provide 24/7 support I was stucked in highway late night and they,1,Performance,0.6,User Retention,0.5,negative,negative Performance review,fallback_classification,very_negative,negative
Bolte hai24/7 service provide kiya jaaega pr raat k tym inke pss technition nhi rehta h ye aapko sir,1,Customer_Support,0.6,Brand Trust,0.5,negative,negative Customer_Support review,fallback_classification,very_negative,negative
This app is incredibly frustrating to use due to its constant lag and slow performance. It's like tr,1,Performance,0.6,User Retention,0.5,negative,negative Performance review,fallback_classification,very_negative,negative
"Pathetic experience on showroom. They don't know how to handle customers at all, worst decision taki",1,Billing,0.6,Revenue,0.5,negative,negative Billing review,fallback_classification,very_negative,negative
Bad app not bike. This 1 star rating is for app and not RE bike🙂. I already have a RE account with m,1,Security,0.6,Brand Trust,0.5,negative,negative Security review,fallback_classification,very_negative,negative
This is very nice app👍,5,Other,0.6,Engagement,0.5,positive,positive Other review,fallback_classification,very_positive,positive
Not able to connect to the tripper navigation on my super meteor.,1,UI/UX,0.6,Engagement,0.5,negative,negative UI/UX review,fallback_classification,very_negative,negative
Not getting any response from there customer service or app waste,1,Customer_Support,0.6,Brand Trust,0.5,negative,negative Customer_Support review,fallback_classification,very_negative,negative
Unable to add bike since 6 months,1,Features,0.6,Engagement,0.5,negative,negative Features review,fallback_classification,very_negative,negative
"Application is very slow, and also there is no way to search exact bike. This app don't help to sear",1,Performance,0.6,User Retention,0.5,negative,negative Performance review,fallback_classification,very_negative,negative
Many problems in app,1,Bugs,0.6,User Retention,0.5,negative,negative Bugs review,fallback_classification,very_negative,negative
There are no custom colors for meteor 350 supernova at your app,4,UI/UX,0.6,Engagement,0.5,positive,positive UI/UX review,fallback_classification,positive,positive
MIY page will take an eternity to show the details of the bike.,1,Other,0.6,Engagement,0.5,negative,negative Other review,fallback_classification,very_negative,negative
Very nice customer support 😀,4,Customer_Support,0.6,Brand Trust,0.5,positive,positive Customer_Support review,fallback_classification,positive,positive
I like this new method,5,Other,0.6,Engagement,0.5,positive,positive Other review,fallback_classification,very_positive,positive
Unable to book servicing and unable to view service history. Kindly look in to this,1,Customer_Support,0.6,Brand Trust,0.5,negative,negative Customer_Support review,fallback_classification,very_negative,negative
Unable to book service,4,Customer_Support,0.6,Brand Trust,0.5,positive,positive Customer_Support review,fallback_classification,positive,positive
Unable to login to the app,1,Bugs,0.6,User Retention,0.5,negative,negative Bugs review,fallback_classification,very_negative,negative
"Tripper nevigation settings not working. Can't access software update, GDPR, user manual option. Ple",1,Security,0.6,Brand Trust,0.5,negative,negative Security review,fallback_classification,very_negative,negative
"Only issue in navigation. It will close or stop communication with tripper, after some time. I belie",1,Security,0.6,Brand Trust,0.5,negative,negative Security review,fallback_classification,very_negative,negative
After update my tripper navigation is getting disconnected after half n hour of ride and tripper nav,3,Bugs,0.6,User Retention,0.5,neutral,neutral Bugs review,fallback_classification,neutral,neutral
Just awesome,5,Other,0.6,Engagement,0.5,positive,positive Other review,fallback_classification,very_positive,positive
"Needs improvements!! Everytime I open the app I need to wait for the OTP to login into the app, why ",3,Security,0.6,Brand Trust,0.5,neutral,neutral Security review,fallback_classification,neutral,neutral
This app lacks very much,4,Other,0.6,Engagement,0.5,positive,positive Other review,fallback_classification,positive,positive
It does not show the accurate information as required. Even though with GPS and strong wifi the road,1,UI/UX,0.6,Engagement,0.5,negative,negative UI/UX review,fallback_classification,very_negative,negative
Pathetic... pathetic... pathetic I don't know if this App is more pathetic or RE customer support. 1,1,Bugs,0.6,User Retention,0.5,negative,negative Bugs review,fallback_classification,very_negative,negative
Pls update exhaust sound option sound listen the beat,5,Features,0.6,Engagement,0.5,positive,positive Features review,fallback_classification,very_positive,positive
This app is not good,1,Other,0.6,Engagement,0.5,negative,negative Other review,fallback_classification,very_negative,negative
Had a very bad experience when it directed me on a 4-wheeler route instead of 2-wheeler route & I en,1,Features,0.6,Engagement,0.5,negative,negative Features review,fallback_classification,very_negative,negative
Add e mail id login ..you have taken out email id login with update.....I have only email .no phone ,1,Bugs,0.6,User Retention,0.5,negative,negative Bugs review,fallback_classification,very_negative,negative
Bring back the old bullet..,1,Other,0.6,Engagement,0.5,negative,negative Other review,fallback_classification,very_negative,negative
Very bad experience buying products with royal Enfield .1month have been passed but still product no,1,Other,0.6,Engagement,0.5,negative,negative Other review,fallback_classification,very_negative,negative
Slow performance in app,3,Performance,0.6,User Retention,0.5,neutral,neutral Performance review,fallback_classification,neutral,neutral
Vah can 9v k,5,Other,0.6,Engagement,0.5,positive,positive Other review,fallback_classification,very_positive,positive
Worst experience with teknik motorcycle bellandur showroom in Bangalore. They do not even behave pro,1,Customer_Support,0.6,Brand Trust,0.5,negative,negative Customer_Support review,fallback_classification,very_negative,negative
Useful app ..,5,Other,0.6,Engagement,0.5,positive,positive Other review,fallback_classification,very_positive,positive
Excellent app easy to use goving all the information what I want,5,UI/UX,0.6,Engagement,0.5,positive,positive UI/UX review,fallback_classification,very_positive,positive
Bullet 350 Next Genaration On road prize please Add,5,Features,0.6,Engagement,0.5,positive,positive Features review,fallback_classification,very_positive,positive
The user experience has gotten better as compared to earlier. Not sure if the miss was from technica,3,Other,0.6,Engagement,0.5,neutral,neutral Other review,fallback_classification,neutral,neutral
"So Good , Fast Delivery And Good Body Language Specially Virat Da & Divas Da",5,Customer_Support,0.6,Brand Trust,0.5,positive,positive Customer_Support review,fallback_classification,very_positive,positive
Not able to open navigation through location link .... which makes it difficult to set up an accurat,1,UI/UX,0.6,Engagement,0.5,negative,negative UI/UX review,fallback_classification,very_negative,negative
"Good one, needs more development After 19th October 2020, I've seen so many improvements in this app",5,Performance,0.6,User Retention,0.5,positive,positive Performance review,fallback_classification,very_positive,positive
The app is just awesome 💯,5,Other,0.6,Engagement,0.5,positive,positive Other review,fallback_classification,very_positive,positive
Improve the connectivity of the gps meter and it turn off suddenly in continuous mode and the map wi,1,Features,0.6,Engagement,0.5,negative,negative Features review,fallback_classification,very_negative,negative
ആപ്പ് രജിസ്റ്റർ ചെയ്യുമ്പോൾ ഇമെയിൽ ഐഡി ഓൾ റെഡി ഇൻസ്റ്റാൾ ചെയ്തു എന്ന കാരണത്താൽ അക്സെപ്റ്റ് ചെയ്യുന്ന,1,Other,0.6,Engagement,0.5,negative,negative Other review,fallback_classification,very_negative,negative
Please Add bullet 350 Next Gen On Road Prize,4,Features,0.6,Engagement,0.5,positive,positive Features review,fallback_classification,positive,positive
Good place to know everything,4,Other,0.6,Engagement,0.5,positive,positive Other review,fallback_classification,positive,positive
5 stars purely because of excellant support by app team.,5,Customer_Support,0.6,Brand Trust,0.5,positive,positive Customer_Support review,fallback_classification,very_positive,positive
"Instead of releasing such pathetic application, it's better not to release. Not expected such worst ",1,UI/UX,0.6,Engagement,0.5,negative,negative UI/UX review,fallback_classification,very_negative,negative
Not cnect,1,Other,0.6,Engagement,0.5,negative,negative Other review,fallback_classification,very_negative,negative
Great and very responsive UI,5,UI/UX,0.6,Engagement,0.5,positive,positive UI/UX review,fallback_classification,very_positive,positive
"Not sure what for I am giving 1 star too... So disappointed, don't even wanna say. Been 8 days, and ",1,Features,0.6,Engagement,0.5,negative,negative Features review,fallback_classification,very_negative,negative
- The tripper disconnects in between the ride suddenly while driving. - There is no history saved li,1,Performance,0.6,User Retention,0.5,negative,negative Performance review,fallback_classification,very_negative,negative
Unable to connec.,1,Other,0.6,Engagement,0.5,negative,negative Other review,fallback_classification,very_negative,negative
"fun joke emi debut only 1944 ? your face book post। Why do you do fake advertisements, you people sh",1,Features,0.6,Engagement,0.5,negative,negative Features review,fallback_classification,very_negative,negative
Totally worst experience in tripura PNR service center I m going for my 2nd servicing but they skrac,1,Customer_Support,0.6,Brand Trust,0.5,negative,negative Customer_Support review,fallback_classification,very_negative,negative
Very slow if someone new to app or going to buy new bike its better if someone already won a RE bike,1,Performance,0.6,User Retention,0.5,negative,negative Performance review,fallback_classification,very_negative,negative
Useless App.,1,Other,0.6,Engagement,0.5,negative,negative Other review,fallback_classification,very_negative,negative
The Worst app that I have ever used! Always crashes.,1,Performance,0.6,User Retention,0.5,negative,negative Performance review,fallback_classification,very_negative,negative
Not able to book appointment as earlier. This is my 2nd time when I am not able to book my RE Meteor,4,Bugs,0.6,User Retention,0.5,positive,positive Bugs review,fallback_classification,positive,positive
Showroom wale bahut batameez h service ke naam me paisa bs lete h Showroom mechanic ko gadi ka knowl,1,Customer_Support,0.6,Brand Trust,0.5,negative,negative Customer_Support review,fallback_classification,very_negative,negative
Good selling and good experience,5,Other,0.6,Engagement,0.5,positive,positive Other review,fallback_classification,very_positive,positive
Wanted to utilise the service booking feature but on adding the motorcycle it has been saying workin,2,Customer_Support,0.6,Brand Trust,0.5,negative,negative Customer_Support review,fallback_classification,negative,negative
The App Has Many Faults And Glitches Which Makes The Experience For The Customer Very Hasslefull.Ple,2,Bugs,0.6,User Retention,0.5,negative,negative Bugs review,fallback_classification,negative,negative
Very slow respose hangs lot,1,Performance,0.6,User Retention,0.5,negative,negative Performance review,fallback_classification,very_negative,negative
where is O.T.P ???,1,Other,0.6,Engagement,0.5,negative,negative Other review,fallback_classification,very_negative,negative
Royal Enfield Hunter 350 is such a nice bike and royal look. Easy to drive in traffic. I booked this,5,Billing,0.6,Revenue,0.5,positive,positive Billing review,fallback_classification,very_positive,positive
Bring back old classic 350...please🥺🥺🥺🥺🥺,1,Other,0.6,Engagement,0.5,negative,negative Other review,fallback_classification,very_negative,negative
"The tripper pod display turn dark during the night,by default it's start from 7:00 pm, in areas wher",3,Performance,0.6,User Retention,0.5,neutral,neutral Performance review,fallback_classification,neutral,neutral
"Very Bad services, right date bolkr bike delivery nhi ke jaate hai. Client ko medical issue hone ke ",1,Billing,0.6,Revenue,0.5,negative,negative Billing review,fallback_classification,very_negative,negative
When I added a motorcycle with chassis number. From 2 weeks it's just showing we are working on your,1,Features,0.6,Engagement,0.5,negative,negative Features review,fallback_classification,very_negative,negative
Yuvraj had a great experience with royal enfield and thier service,5,Customer_Support,0.6,Brand Trust,0.5,positive,positive Customer_Support review,fallback_classification,very_positive,positive
If i wanna navigate through the re navigation on my Himalayan so after connecting and set the destin,2,Bugs,0.6,User Retention,0.5,negative,negative Bugs review,fallback_classification,negative,negative
"Tripper navigation needs a lot of improvement. In the city streets, it confuses the rider a lot, lik",3,UI/UX,0.6,Engagement,0.5,neutral,neutral UI/UX review,fallback_classification,neutral,neutral
"Disappointed with Royal Enfield Hunter 350 purchase. Forced expensive insurance, extra charges on cr",1,Billing,0.6,Revenue,0.5,negative,negative Billing review,fallback_classification,very_negative,negative
One of the best service and hospitality that showroom has given me.. ESP Mr. Ashwin has done everyth,5,Customer_Support,0.6,Brand Trust,0.5,positive,positive Customer_Support review,fallback_classification,very_positive,positive
Good behavior and best service in nill automobile,5,Customer_Support,0.6,Brand Trust,0.5,positive,positive Customer_Support review,fallback_classification,very_positive,positive
The latest update has destroyed your tripper navigation accuracy. And there is frequent disruption i,2,UI/UX,0.6,Engagement,0.5,negative,negative UI/UX review,fallback_classification,negative,negative
Over the time team has done very good work. Taken the feedbacks and shown some improvements. Recentl,4,Security,0.6,Brand Trust,0.5,positive,positive Security review,fallback_classification,positive,positive
Configura a new motorcycle is not working,1,Bugs,0.6,User Retention,0.5,negative,negative Bugs review,fallback_classification,very_negative,negative
Needs a few improvement in apps loading page loading speed and tripper navigation,4,Performance,0.6,User Retention,0.5,positive,positive Performance review,fallback_classification,positive,positive
Why is the vehicle registration in the app is being too late .,2,Other,0.6,Engagement,0.5,negative,negative Other review,fallback_classification,negative,negative
Excellent app,5,Other,0.6,Engagement,0.5,positive,positive Other review,fallback_classification,very_positive,positive
App is ok'ish. I tried finding Mcdonald's restaurants but did not find all the restaurant spots in g,3,Features,0.6,Engagement,0.5,neutral,neutral Features review,fallback_classification,neutral,neutral
Come on Buddy this is disrespect for Royal Enfield company...you guys are a multi national motorcycl,5,Bugs,0.6,User Retention,0.5,positive,positive Bugs review,fallback_classification,very_positive,positive
Not have option to change silencer finish,4,Performance,0.6,User Retention,0.5,positive,positive Performance review,fallback_classification,positive,positive
24-07-2023 I 2nd servicing I did it but royal emfiled app still not updated..,2,Features,0.6,Engagement,0.5,negative,negative Features review,fallback_classification,negative,negative
"Hi team, now I can see my booking history on Re app. Now waiting for my bike to be delivered",5,Customer_Support,0.6,Brand Trust,0.5,positive,positive Customer_Support review,fallback_classification,very_positive,positive
"Tripper stops showing map route after 10+mins, is there any settings needed?",4,Features,0.6,Engagement,0.5,positive,positive Features review,fallback_classification,positive,positive
Good for tracking,5,Other,0.6,Engagement,0.5,positive,positive Other review,fallback_classification,very_positive,positive
App not showing tracking of new bike which I book 10 days back.,4,Other,0.6,Engagement,0.5,positive,positive Other review,fallback_classification,positive,positive
It was quite fine untill a month back it has suddenly stopped working on my mobile.. I am unable to ,4,Bugs,0.6,User Retention,0.5,positive,positive Bugs review,fallback_classification,positive,positive
Awesome,5,Other,0.6,Engagement,0.5,positive,positive Other review,fallback_classification,very_positive,positive
"Kk l,,, Zee, CD s🤦👍🏻🤦8 DD s,e esw😭🧙",4,Other,0.6,Engagement,0.5,positive,positive Other review,fallback_classification,positive,positive
Very nice app,5,Other,0.6,Engagement,0.5,positive,positive Other review,fallback_classification,very_positive,positive
Won't get otp to start pairing. And bluetooth pairing directly is not available. The support team is,3,Security,0.6,Brand Trust,0.5,neutral,neutral Security review,fallback_classification,neutral,neutral
Everything is great in the app except the fact that the app still doesn't have a material you icon s,4,Customer_Support,0.6,Brand Trust,0.5,positive,positive Customer_Support review,fallback_classification,positive,positive
This is a fraud company which is at the forefront of trapping people's money and cheating. These peo,1,Billing,0.6,Revenue,0.5,negative,negative Billing review,fallback_classification,very_negative,negative
"There is a lot of deficiency in the app, after 1 to 2 km of applying trip navigation, the app stops,",1,Performance,0.6,User Retention,0.5,negative,negative Performance review,fallback_classification,very_negative,negative
nice service,5,Customer_Support,0.6,Brand Trust,0.5,positive,positive Customer_Support review,fallback_classification,very_positive,positive
Emrul Mondal,5,Other,0.6,Engagement,0.5,positive,positive Other review,fallback_classification,very_positive,positive
"It requires all time access to location and without that it does not work, this need to be corrected",1,Security,0.6,Brand Trust,0.5,negative,negative Security review,fallback_classification,very_negative,negative
Their service was excellent and they are really helpful throughout delivery.,5,Customer_Support,0.6,Brand Trust,0.5,positive,positive Customer_Support review,fallback_classification,very_positive,positive
Itna time ho gaya wait karte karte 10 January 2023 ko bike book karwaai thi jiski abhi tak koi updat,1,Billing,0.6,Revenue,0.5,negative,negative Billing review,fallback_classification,very_negative,negative
"Its really irritating to put in details of locations to I visit often, please put is so that we can ",3,Bugs,0.6,User Retention,0.5,neutral,neutral Bugs review,fallback_classification,neutral,neutral
Navigation disconnect with tripper randomly.,1,UI/UX,0.6,Engagement,0.5,negative,negative UI/UX review,fallback_classification,very_negative,negative
Very slow,1,Performance,0.6,User Retention,0.5,negative,negative Performance review,fallback_classification,very_negative,negative
My bike request is not approved from past one year. It's frustrating please look into it. Ps thanks ,4,Customer_Support,0.6,Brand Trust,0.5,positive,positive Customer_Support review,fallback_classification,positive,positive
Tripper Navigatpr bugs out and shows wrong direction.,1,Bugs,0.6,User Retention,0.5,negative,negative Bugs review,fallback_classification,very_negative,negative
This is the worst app I have ever installed. RE promised a lot but could not deliver a basic require,1,Billing,0.6,Revenue,0.5,negative,negative Billing review,fallback_classification,very_negative,negative
Over all very good experience,4,Other,0.6,Engagement,0.5,positive,positive Other review,fallback_classification,positive,positive
App is crashing after few minutes starting the navigation,2,Performance,0.6,User Retention,0.5,negative,negative Performance review,fallback_classification,negative,negative
Bad app doesn't connect only. Used 2 years ago left it and after coming back it's still the same or ,1,Other,0.6,Engagement,0.5,negative,negative Other review,fallback_classification,very_negative,negative
Best features provided for vehicle information,5,Features,0.6,Engagement,0.5,positive,positive Features review,fallback_classification,very_positive,positive
Useful aap,5,Other,0.6,Engagement,0.5,positive,positive Other review,fallback_classification,very_positive,positive
Worst app I had ever seen.even don't want to give it a single star. I had booked classic 350 Redditc,1,Features,0.6,Engagement,0.5,negative,negative Features review,fallback_classification,very_negative,negative
Very bad experience. I was on a long ride last week and I was completely depending on the tripper de,1,Billing,0.6,Revenue,0.5,negative,negative Billing review,fallback_classification,very_negative,negative
"The personalised thingy you gave for apparel isn't working to order at all, please please make that ",4,Features,0.6,Engagement,0.5,positive,positive Features review,fallback_classification,positive,positive
Achha laga,5,Performance,0.6,User Retention,0.5,positive,positive Performance review,fallback_classification,very_positive,positive
Bahut achha,5,Other,0.6,Engagement,0.5,positive,positive Other review,fallback_classification,very_positive,positive
"Whenever I am using this app for map, it got disconnected after some time. Many times I need to stop",1,Features,0.6,Engagement,0.5,negative,negative Features review,fallback_classification,very_negative,negative
Excellence,5,Other,0.6,Engagement,0.5,positive,positive Other review,fallback_classification,very_positive,positive
"Unable to find my extended warranty details, RSA details",2,Customer_Support,0.6,Brand Trust,0.5,negative,negative Customer_Support review,fallback_classification,negative,negative
Navigation sucks,1,UI/UX,0.6,Engagement,0.5,negative,negative UI/UX review,fallback_classification,very_negative,negative
Very good behaviour & good service to a coustomer,5,Customer_Support,0.6,Brand Trust,0.5,positive,positive Customer_Support review,fallback_classification,very_positive,positive
Soo badsa man careles man's sarvice is too bad and app bug,1,Bugs,0.6,User Retention,0.5,negative,negative Bugs review,fallback_classification,very_negative,negative
Dream for so many years I have an own Enfield..after long time my dream succeed. Thanks for Achhar S,5,Other,0.6,Engagement,0.5,positive,positive Other review,fallback_classification,very_positive,positive
I do not find the service are getting recorded on time My 3rd service is not showing. Which is alrea,4,Customer_Support,0.6,Brand Trust,0.5,positive,positive Customer_Support review,fallback_classification,positive,positive
This app is not for royal enfield owners. The app is designed for sale the bikes. Very lack of gener,1,Billing,0.6,Revenue,0.5,negative,negative Billing review,fallback_classification,very_negative,negative
Very pathetic app need all ur phone access and permissions even than Bluetooth doesn't connect smoot,1,Security,0.6,Brand Trust,0.5,negative,negative Security review,fallback_classification,very_negative,negative
they dont deliver bikes on promising dates,1,Other,0.6,Engagement,0.5,negative,negative Other review,fallback_classification,very_negative,negative
The app and the Royal Enfield team both not customer oriented. Only gimmick.,1,Other,0.6,Engagement,0.5,negative,negative Other review,fallback_classification,very_negative,negative
"not god app,faltu app",1,Other,0.6,Engagement,0.5,negative,negative Other review,fallback_classification,very_negative,negative
I started to use this app for my purchased bike tracking purpose. But it doesn't work well. Still it,1,Billing,0.6,Revenue,0.5,negative,negative Billing review,fallback_classification,very_negative,negative
"Doesn't work on Android 12, have effectively rendered my tripper pod USELESS!!!",1,Bugs,0.6,User Retention,0.5,negative,negative Bugs review,fallback_classification,very_negative,negative
Please improve the Bluetooth connectivity. Also integrate map with Google maps. There is delay in th,2,Features,0.6,Engagement,0.5,negative,negative Features review,fallback_classification,negative,negative
Good performence,5,Other,0.6,Engagement,0.5,positive,positive Other review,fallback_classification,very_positive,positive
"Bad tracker: The UI and remaining features are good, but the booking tracker is always shows wrong d",1,Customer_Support,0.6,Brand Trust,0.5,negative,negative Customer_Support review,fallback_classification,very_negative,negative
thank you so much for good management nd hospitality i love it,5,Other,0.6,Engagement,0.5,positive,positive Other review,fallback_classification,very_positive,positive
To bad it's not showing proper navigation. When I travel using this it not able to show correct indi,1,Billing,0.6,Revenue,0.5,negative,negative Billing review,fallback_classification,very_negative,negative
This app is not working for order tracking,1,Bugs,0.6,User Retention,0.5,negative,negative Bugs review,fallback_classification,very_negative,negative
"I bought hunter 350, 3 months ago and within 2000km its brake leather and disc got damaged and now t",1,Other,0.6,Engagement,0.5,negative,negative Other review,fallback_classification,very_negative,negative
"Hi Team, I have booked a royal Enfield bike, First 2 days it was showing me my booking status and ex",3,Billing,0.6,Revenue,0.5,neutral,neutral Billing review,fallback_classification,neutral,neutral
Giving wrong promises to customer and very bad experience to buy a vehicle,1,Other,0.6,Engagement,0.5,negative,negative Other review,fallback_classification,very_negative,negative
Very good,4,Other,0.6,Engagement,0.5,positive,positive Other review,fallback_classification,positive,positive
I booked my enfiled but this doesn't show any new update related to my booking.,2,Features,0.6,Engagement,0.5,negative,negative Features review,fallback_classification,negative,negative
"Heating and battery drain issue while using the app, specially during navigation by tripper.",2,Performance,0.6,User Retention,0.5,negative,negative Performance review,fallback_classification,negative,negative
Not that good tracking of booked order not working,3,Bugs,0.6,User Retention,0.5,neutral,neutral Bugs review,fallback_classification,neutral,neutral
Tripper is Ok. But app need more support. No option to switch car route. Roads are not so good on bi,3,Customer_Support,0.6,Brand Trust,0.5,neutral,neutral Customer_Support review,fallback_classification,neutral,neutral
"Software update , software manual and GDPR menu is not working in app",3,Bugs,0.6,User Retention,0.5,neutral,neutral Bugs review,fallback_classification,neutral,neutral
"Not able to connect to Himalayan BS6 bike , tried multiple times, able to show bike triple navigatio",1,UI/UX,0.6,Engagement,0.5,negative,negative UI/UX review,fallback_classification,very_negative,negative
"Royal Enfield's model number Classic 350 has a petrol tank leakage, has the vehicle been serviced, o",1,Security,0.6,Brand Trust,0.5,negative,negative Security review,fallback_classification,very_negative,negative
Finally.....!! After wait got my bike!!!! Great work Rupesh broo Tqsm....,5,Customer_Support,0.6,Brand Trust,0.5,positive,positive Customer_Support review,fallback_classification,very_positive,positive
Excellent service,5,Customer_Support,0.6,Brand Trust,0.5,positive,positive Customer_Support review,fallback_classification,very_positive,positive
Amazing 🤩 Experience ✨,5,Other,0.6,Engagement,0.5,positive,positive Other review,fallback_classification,very_positive,positive
App is very awesome 👌,5,Other,0.6,Engagement,0.5,positive,positive Other review,fallback_classification,very_positive,positive
"App is not duly updated, in app the promised date is shown as 22 May i.e. Today's date, till now I d",1,Customer_Support,0.6,Brand Trust,0.5,negative,negative Customer_Support review,fallback_classification,very_negative,negative
"Poor service and behaviour, because last 9 months I have been suffered",1,Customer_Support,0.6,Brand Trust,0.5,negative,negative Customer_Support review,fallback_classification,very_negative,negative
Banner says track but no option to track my current booking very poor experience,1,Features,0.6,Engagement,0.5,negative,negative Features review,fallback_classification,very_negative,negative
Operated very well,5,Other,0.6,Engagement,0.5,positive,positive Other review,fallback_classification,very_positive,positive
Can't able to track the booking details,3,Features,0.6,Engagement,0.5,neutral,neutral Features review,fallback_classification,neutral,neutral
"Navigation is still buggy, improving well but not enough. Issue I am facing is that I could not modi",1,Bugs,0.6,User Retention,0.5,negative,negative Bugs review,fallback_classification,very_negative,negative
"Need more trip meteor updates like realtime map view with route and traffic, muat be show caller nam",5,Features,0.6,Engagement,0.5,positive,positive Features review,fallback_classification,very_positive,positive
This app is cant download i can not download this app so i dont like it what problam in this app pls,2,Other,0.6,Engagement,0.5,negative,negative Other review,fallback_classification,negative,negative
"Seriously needs an update where we can get informed of an incoming call on the trip meter itself, li",3,UI/UX,0.6,Engagement,0.5,neutral,neutral UI/UX review,fallback_classification,neutral,neutral
Excellent 👌,4,Other,0.6,Engagement,0.5,positive,positive Other review,fallback_classification,positive,positive
Pathetic service from royal enfield ... Its been 2 months I bought bike and every single day I am ta,1,Bugs,0.6,User Retention,0.5,negative,negative Bugs review,fallback_classification,very_negative,negative
Not showing alloy wheel option ☹️why,4,Features,0.6,Engagement,0.5,positive,positive Features review,fallback_classification,positive,positive
Yes nie producket,5,Other,0.6,Engagement,0.5,positive,positive Other review,fallback_classification,very_positive,positive
"No use, in service history there is no option to know the kilometers of previous services",1,Customer_Support,0.6,Brand Trust,0.5,negative,negative Customer_Support review,fallback_classification,very_negative,negative
Wrost app ever...u just waste ur time to install it........they give u many options...but all are va,1,Features,0.6,Engagement,0.5,negative,negative Features review,fallback_classification,very_negative,negative
"I booked Himalayan on the 30th of April 2023, though the app and the official Instagram boasts about",1,UI/UX,0.6,Engagement,0.5,negative,negative UI/UX review,fallback_classification,very_negative,negative
"Not able to open the app, keep crashing.",1,Performance,0.6,User Retention,0.5,negative,negative Performance review,fallback_classification,very_negative,negative
Alloy wheel add feature is absent now on app! Why? I want to add alloy wheel to my customized classi,3,Features,0.6,Engagement,0.5,neutral,neutral Features review,fallback_classification,neutral,neutral
This app is full of bugs and also the loading time is high. Theres no option to cancel a service whi,1,Performance,0.6,User Retention,0.5,negative,negative Performance review,fallback_classification,very_negative,negative
Useless app. Bike tracking does not work. Even after promised date is passed and bike is not deliver,1,Bugs,0.6,User Retention,0.5,negative,negative Bugs review,fallback_classification,very_negative,negative
"Good, Please focus the customer on the delivery time",4,Customer_Support,0.6,Brand Trust,0.5,positive,positive Customer_Support review,fallback_classification,positive,positive
All over visit was nice Experiance was good,5,Other,0.6,Engagement,0.5,positive,positive Other review,fallback_classification,very_positive,positive
I would suggest show us same Google maps from phone to tripper instead of arrows.,2,Features,0.6,Engagement,0.5,negative,negative Features review,fallback_classification,negative,negative
Bad experience,1,Other,0.6,Engagement,0.5,negative,negative Other review,fallback_classification,very_negative,negative
Improve app,1,Other,0.6,Engagement,0.5,negative,negative Other review,fallback_classification,very_negative,negative
The app is not working,1,Bugs,0.6,User Retention,0.5,negative,negative Bugs review,fallback_classification,very_negative,negative
Whenever I am starting this app and login into app saying something went wrong please try again solv,1,Bugs,0.6,User Retention,0.5,negative,negative Bugs review,fallback_classification,very_negative,negative
There is not option for existing customer login.,2,Bugs,0.6,User Retention,0.5,negative,negative Bugs review,fallback_classification,negative,negative
Hw to use thisit does nto even accept chasis number...pathetic..,1,Other,0.6,Engagement,0.5,negative,negative Other review,fallback_classification,very_negative,negative
Nice service,5,Customer_Support,0.6,Brand Trust,0.5,positive,positive Customer_Support review,fallback_classification,very_positive,positive
Nice 🙂,5,Other,0.6,Engagement,0.5,positive,positive Other review,fallback_classification,very_positive,positive
Good👍,5,Other,0.6,Engagement,0.5,positive,positive Other review,fallback_classification,very_positive,positive
Worst app there is no tracking option at all,1,Features,0.6,Engagement,0.5,negative,negative Features review,fallback_classification,very_negative,negative
"Already booked for super Meteor 650, waiting for the arrival of vehicle, Thank you Royal Enfield Me ",5,Customer_Support,0.6,Brand Trust,0.5,positive,positive Customer_Support review,fallback_classification,very_positive,positive
"Today I got the message saying I can track my vehicle from booking confirmation to delivery, whereas",1,Performance,0.6,User Retention,0.5,negative,negative Performance review,fallback_classification,very_negative,negative
"In delivering in meteor 650 u r useless, disgusting, hopeless Poor delivery system Worst experince",1,Customer_Support,0.6,Brand Trust,0.5,negative,negative Customer_Support review,fallback_classification,very_negative,negative
i like it because this app has many types of solutions from made by Royal Enfield.,5,Other,0.6,Engagement,0.5,positive,positive Other review,fallback_classification,very_positive,positive
I'm not able to track my order in the app,1,Other,0.6,Engagement,0.5,negative,negative Other review,fallback_classification,very_negative,negative
Poor app it's not working properly.,1,Bugs,0.6,User Retention,0.5,negative,negative Bugs review,fallback_classification,very_negative,negative
OTP is not received after many tries. Can log in.,1,Security,0.6,Brand Trust,0.5,negative,negative Security review,fallback_classification,very_negative,negative
Very slow,2,Performance,0.6,User Retention,0.5,negative,negative Performance review,fallback_classification,negative,negative
Verry slow app.,1,Performance,0.6,User Retention,0.5,negative,negative Performance review,fallback_classification,very_negative,negative
App crash 😶,2,Performance,0.6,User Retention,0.5,negative,negative Performance review,fallback_classification,negative,negative
Keeps crashing when I try to go for my configuration. I use a one plus 7. Really sad to have this ex,1,Performance,0.6,User Retention,0.5,negative,negative Performance review,fallback_classification,very_negative,negative
I book my bike around 59 days befor but this app can't show my bike tracking only showing booking da,2,Security,0.6,Brand Trust,0.5,negative,negative Security review,fallback_classification,negative,negative
Worst company and worst app,1,Other,0.6,Engagement,0.5,negative,negative Other review,fallback_classification,very_negative,negative
The delivery of should be fast no waitings,5,Customer_Support,0.6,Brand Trust,0.5,positive,positive Customer_Support review,fallback_classification,very_positive,positive
Made like gun for gamers,5,Other,0.6,Engagement,0.5,positive,positive Other review,fallback_classification,very_positive,positive
Doesn't work.,1,Bugs,0.6,User Retention,0.5,negative,negative Bugs review,fallback_classification,very_negative,negative
I can't able to track my booked bike status.,2,Other,0.6,Engagement,0.5,negative,negative Other review,fallback_classification,negative,negative
Amount shown in Service (app) and in workshop is totally different,1,Customer_Support,0.6,Brand Trust,0.5,negative,negative Customer_Support review,fallback_classification,very_negative,negative
Application used for navigation. Drains battery fast.,3,Performance,0.6,User Retention,0.5,neutral,neutral Performance review,fallback_classification,neutral,neutral
Worst experience ever....,1,Other,0.6,Engagement,0.5,negative,negative Other review,fallback_classification,very_negative,negative
Rr is most beautiful feel,5,Billing,0.6,Revenue,0.5,positive,positive Billing review,fallback_classification,very_positive,positive
Nice app . I was visiting my nearest service center Mundra motors and service supervisor Bishes Sen ,5,Customer_Support,0.6,Brand Trust,0.5,positive,positive Customer_Support review,fallback_classification,very_positive,positive
"I m giving 1 star for ur show room services which is in rishikesh, uttarakhand with the name of ranj",1,Customer_Support,0.6,Brand Trust,0.5,negative,negative Customer_Support review,fallback_classification,very_negative,negative
better app,5,Other,0.6,Engagement,0.5,positive,positive Other review,fallback_classification,very_positive,positive
Good attempt but lacks a lot. A basic functionality to add home & work locations is a must. Often sh,3,UI/UX,0.6,Engagement,0.5,neutral,neutral UI/UX review,fallback_classification,neutral,neutral
You are cheating with me se24 I have purchased only two service complete but your side all services ,1,Billing,0.6,Revenue,0.5,negative,negative Billing review,fallback_classification,very_negative,negative
The app requires you to login every time it is used. Why can't the app remain logged in once it has ,2,Security,0.6,Brand Trust,0.5,negative,negative Security review,fallback_classification,negative,negative
Software update feature doesn't work for trip meter,2,Bugs,0.6,User Retention,0.5,negative,negative Bugs review,fallback_classification,negative,negative
Please Try to add an anti-theft alarm. If it's added then it will be grateful.,4,Features,0.6,Engagement,0.5,positive,positive Features review,fallback_classification,positive,positive
1. App keeps logging me out everyday. 2. Minimizing the app to check the login otp causes the sessio,1,Security,0.6,Brand Trust,0.5,negative,negative Security review,fallback_classification,very_negative,negative
Exceptional,5,Other,0.6,Engagement,0.5,positive,positive Other review,fallback_classification,very_positive,positive
"Good 👍 response RE Team I really appreciate the speedy actions you all took, Please add more facilit",4,Performance,0.6,User Retention,0.5,positive,positive Performance review,fallback_classification,positive,positive
Good and polite,5,Other,0.6,Engagement,0.5,positive,positive Other review,fallback_classification,very_positive,positive
Unable to tack my booking,2,Features,0.6,Engagement,0.5,negative,negative Features review,fallback_classification,negative,negative
The app is lacking UX. I mean why on earth do we have to login every single time? There is no inform,3,Bugs,0.6,User Retention,0.5,neutral,neutral Bugs review,fallback_classification,neutral,neutral
Can't work properly... can't personalize configuration...,1,Other,0.6,Engagement,0.5,negative,negative Other review,fallback_classification,very_negative,negative
Really regret of buying Himalayan. This bike was my dream bike now its a nightmare. Really dont feel,1,Billing,0.6,Revenue,0.5,negative,negative Billing review,fallback_classification,very_negative,negative
App won't working properly and also colours of in classic are not so good please update some good co,1,UI/UX,0.6,Engagement,0.5,negative,negative UI/UX review,fallback_classification,very_negative,negative
Requires mobile OTP to login. I rode my Himalayan BS6 to Nepal and do not have access to my Indian n,1,Security,0.6,Brand Trust,0.5,negative,negative Security review,fallback_classification,very_negative,negative
Extreme lag and worst user experience,1,Performance,0.6,User Retention,0.5,negative,negative Performance review,fallback_classification,very_negative,negative
Not updated app play stor,2,Features,0.6,Engagement,0.5,negative,negative Features review,fallback_classification,negative,negative
"Why are you guys changing your UI in every few days? Why am I being logged out everyday? Also, I log",3,Security,0.6,Brand Trust,0.5,neutral,neutral Security review,fallback_classification,neutral,neutral
OTP not received for the registered phone number to get log in after the new update. Please look int,2,Security,0.6,Brand Trust,0.5,negative,negative Security review,fallback_classification,negative,negative
2w²w⅗²,2,Other,0.6,Engagement,0.5,negative,negative Other review,fallback_classification,negative,negative
Thank you For giving this app ❤,4,Other,0.6,Engagement,0.5,positive,positive Other review,fallback_classification,positive,positive
Fully cruppted apps...always error,1,Bugs,0.6,User Retention,0.5,negative,negative Bugs review,fallback_classification,very_negative,negative
App is not working...app automatically closed after entering login OTP,2,Security,0.6,Brand Trust,0.5,negative,negative Security review,fallback_classification,negative,negative
Sometime it's stuck,4,Performance,0.6,User Retention,0.5,positive,positive Performance review,fallback_classification,positive,positive
Am unable to find booking status of My order.,2,Features,0.6,Engagement,0.5,negative,negative Features review,fallback_classification,negative,negative
Please increase the brightness and processing of App. Thanks,4,Other,0.6,Engagement,0.5,positive,positive Other review,fallback_classification,positive,positive
Have to move to a phone holder for navigation. Causes : 1. Rather than one lightweight app for navig,1,Performance,0.6,User Retention,0.5,negative,negative Performance review,fallback_classification,very_negative,negative
💝💝💝💝💝,5,Other,0.6,Engagement,0.5,positive,positive Other review,fallback_classification,very_positive,positive
"This update just killed the app, app keeps crashing",1,Performance,0.6,User Retention,0.5,negative,negative Performance review,fallback_classification,very_negative,negative
Specially staffs are very cooperative ❤️❤️❤️❤️❤️,5,Customer_Support,0.6,Brand Trust,0.5,positive,positive Customer_Support review,fallback_classification,very_positive,positive
The app should also have the kilometre on which the last service was done,3,Customer_Support,0.6,Brand Trust,0.5,neutral,neutral Customer_Support review,fallback_classification,neutral,neutral
Worst service and insurance policy experience in this vehicle...,1,Customer_Support,0.6,Brand Trust,0.5,negative,negative Customer_Support review,fallback_classification,very_negative,negative
"I'm from coimbatore tamilnadu,It has been four months since I bought the new RE himalayan bike, Ofte",3,Performance,0.6,User Retention,0.5,neutral,neutral Performance review,fallback_classification,neutral,neutral
Unable to configure new bike always app is crashing when we want to configure new bike,1,Performance,0.6,User Retention,0.5,negative,negative Performance review,fallback_classification,very_negative,negative
"Nice service ,",5,Customer_Support,0.6,Brand Trust,0.5,positive,positive Customer_Support review,fallback_classification,very_positive,positive
Awesome customer service 😀,5,Customer_Support,0.6,Brand Trust,0.5,positive,positive Customer_Support review,fallback_classification,very_positive,positive
App is easy to use but lags sometimes,4,Performance,0.6,User Retention,0.5,positive,positive Performance review,fallback_classification,positive,positive
No service update available.,1,Customer_Support,0.6,Brand Trust,0.5,negative,negative Customer_Support review,fallback_classification,very_negative,negative
Nice experience,5,Other,0.6,Engagement,0.5,positive,positive Other review,fallback_classification,very_positive,positive
Its app not working property Its stop working automatically,1,Bugs,0.6,User Retention,0.5,negative,negative Bugs review,fallback_classification,very_negative,negative
Please fix the bug - Whenever signing in with otp it doesn't work and keep erroring incorrect otp.,3,Security,0.6,Brand Trust,0.5,neutral,neutral Security review,fallback_classification,neutral,neutral
Worst app doesn't respond properly,1,Other,0.6,Engagement,0.5,negative,negative Other review,fallback_classification,very_negative,negative
"Battery overheating during navigation. When I connect tripper navigation to RE app, and started navi",3,Performance,0.6,User Retention,0.5,neutral,neutral Performance review,fallback_classification,neutral,neutral
"Recently, I got 2021 Meteor 350. My experience with Tripper Navigation is pathetic. I don't understa",1,Security,0.6,Brand Trust,0.5,negative,negative Security review,fallback_classification,very_negative,negative
I am very proud myself because I am also members of ROYAL FAMILY. And when talk about this app this ,5,Other,0.6,Engagement,0.5,positive,positive Other review,fallback_classification,very_positive,positive
"I love Bike but , don't like this app.Make it other way.",1,Other,0.6,Engagement,0.5,negative,negative Other review,fallback_classification,very_negative,negative
"It's okay for tripper, but will be nice if we can sync Google maps saved places to easily search ...",3,Features,0.6,Engagement,0.5,neutral,neutral Features review,fallback_classification,neutral,neutral
Osm experience,5,Other,0.6,Engagement,0.5,positive,positive Other review,fallback_classification,very_positive,positive
It Eats up the battery like crazy. Pls optimize it.. It's un usable. Though the features are good. I,1,Performance,0.6,User Retention,0.5,negative,negative Performance review,fallback_classification,very_negative,negative
ಸೂಫರ್...,5,Other,0.6,Engagement,0.5,positive,positive Other review,fallback_classification,very_positive,positive
Improve your aap,1,Other,0.6,Engagement,0.5,negative,negative Other review,fallback_classification,very_negative,negative
Osmmm,5,Other,0.6,Engagement,0.5,positive,positive Other review,fallback_classification,very_positive,positive
I can't find more the one use on this app. Simple waste.,1,Other,0.6,Engagement,0.5,negative,negative Other review,fallback_classification,very_negative,negative
Useful,5,Other,0.6,Engagement,0.5,positive,positive Other review,fallback_classification,very_positive,positive
The programer is a complete moron. it does not even sync time anymore. that company is utterly worth,1,Other,0.6,Engagement,0.5,negative,negative Other review,fallback_classification,very_negative,negative
Nice n smooth app.,5,Other,0.6,Engagement,0.5,positive,positive Other review,fallback_classification,very_positive,positive
When will my interceptor be serviced and given back? Almost more than 1 month in showroom service. R,1,Customer_Support,0.6,Brand Trust,0.5,negative,negative Customer_Support review,fallback_classification,very_negative,negative
Not worthy,1,Other,0.6,Engagement,0.5,negative,negative Other review,fallback_classification,very_negative,negative
Fabulous,5,Other,0.6,Engagement,0.5,positive,positive Other review,fallback_classification,very_positive,positive
Horrible experience with this Royal Enfield showroom. I had purchased Bike but after 2 days only the,1,Billing,0.6,Revenue,0.5,negative,negative Billing review,fallback_classification,very_negative,negative
Fully dissatisfied with the bike I bought and made a biggest mistake of my life. No spare for 350x s,1,Security,0.6,Brand Trust,0.5,negative,negative Security review,fallback_classification,very_negative,negative
I have took away 1 star for not integrating Google Maps Directly! Please integrate google maps app t,4,Features,0.6,Engagement,0.5,positive,positive Features review,fallback_classification,positive,positive
"Easy to interact Regarding Problem,or New Motorcycle,Rides etc",5,Bugs,0.6,User Retention,0.5,positive,positive Bugs review,fallback_classification,very_positive,positive
Very big difference between onroadprice show you in your application and showroom on road price with,1,Billing,0.6,Revenue,0.5,negative,negative Billing review,fallback_classification,very_negative,negative
"App not working, it give error to remove battery restrictions. While the phone is 100% charged and n",1,Billing,0.6,Revenue,0.5,negative,negative Billing review,fallback_classification,very_negative,negative
It's ok,3,Other,0.6,Engagement,0.5,neutral,neutral Other review,fallback_classification,neutral,neutral
Please add provisions to input location shared to user through whatsapp or other social media.,3,Features,0.6,Engagement,0.5,neutral,neutral Features review,fallback_classification,neutral,neutral
Why I am unable to see the service history in the app.,1,Customer_Support,0.6,Brand Trust,0.5,negative,negative Customer_Support review,fallback_classification,very_negative,negative
"You should work on your app more very much issues are their, like the wallpapers are not downloading",2,Performance,0.6,User Retention,0.5,negative,negative Performance review,fallback_classification,negative,negative
Good serivice,5,Other,0.6,Engagement,0.5,positive,positive Other review,fallback_classification,very_positive,positive
"app crash on Android 12, while starting navigation",1,Performance,0.6,User Retention,0.5,negative,negative Performance review,fallback_classification,very_negative,negative
"Very good app, please provide separate accessories buying function.",5,Security,0.6,Brand Trust,0.5,positive,positive Security review,fallback_classification,very_positive,positive
The app is Good but I recently booked a bike and want to customize another bike but the app crashes ,3,Performance,0.6,User Retention,0.5,neutral,neutral Performance review,fallback_classification,neutral,neutral
Still they have not updated track my order section. One star for it untill they update it in the app,1,Features,0.6,Engagement,0.5,negative,negative Features review,fallback_classification,very_negative,negative
I can't update the version of my meteor And it's not responsive as before very bad than ever before ,2,Billing,0.6,Revenue,0.5,negative,negative Billing review,fallback_classification,negative,negative
"Phone getting overheated while using,app not optimised also navigation shows small roads",1,UI/UX,0.6,Engagement,0.5,negative,negative UI/UX review,fallback_classification,very_negative,negative
Full of lags,1,Performance,0.6,User Retention,0.5,negative,negative Performance review,fallback_classification,very_negative,negative
🥰Royal Sovan Enfield❤️,5,Other,0.6,Engagement,0.5,positive,positive Other review,fallback_classification,very_positive,positive
Not promising as advised to use for tracking ans receiving updates for the new bike. SMS for verific,2,Features,0.6,Engagement,0.5,negative,negative Features review,fallback_classification,negative,negative
Good sarvice sales team,5,Other,0.6,Engagement,0.5,positive,positive Other review,fallback_classification,very_positive,positive
Room for improvement. 1) Coordinates search system should be introduced. Some of the places on Googl,4,Bugs,0.6,User Retention,0.5,positive,positive Bugs review,fallback_classification,positive,positive
Test ride,5,Other,0.6,Engagement,0.5,positive,positive Other review,fallback_classification,very_positive,positive
Clicking the search bar on the navigation screen should automatically make the keyboard pop up. Plea,3,Performance,0.6,User Retention,0.5,neutral,neutral Performance review,fallback_classification,neutral,neutral
Plz upgrade your app.. LOCATION should not open Royal Enfield app.Plz provide open with use diffrent,1,Other,0.6,Engagement,0.5,negative,negative Other review,fallback_classification,very_negative,negative
Not working properly and data losage,1,Security,0.6,Brand Trust,0.5,negative,negative Security review,fallback_classification,very_negative,negative
Very usless app no information update for my vahical and not more options for service and customer s,2,Customer_Support,0.6,Brand Trust,0.5,negative,negative Customer_Support review,fallback_classification,negative,negative
😔 bad sale service,1,Customer_Support,0.6,Brand Trust,0.5,negative,negative Customer_Support review,fallback_classification,very_negative,negative
a way it shows to take brigde and service road to take loving it my problem of going unknown place s,5,Bugs,0.6,User Retention,0.5,positive,positive Bugs review,fallback_classification,very_positive,positive
At least you guys are quick to respond our feed back.,3,Billing,0.6,Revenue,0.5,neutral,neutral Billing review,fallback_classification,neutral,neutral
Excellent 👌,5,Other,0.6,Engagement,0.5,positive,positive Other review,fallback_classification,very_positive,positive
Third grade app,1,Other,0.6,Engagement,0.5,negative,negative Other review,fallback_classification,very_negative,negative
Gud experience,5,Other,0.6,Engagement,0.5,positive,positive Other review,fallback_classification,very_positive,positive
There accessories are not delivered and looks like they are scamming people. I booked an accessory a,1,Security,0.6,Brand Trust,0.5,negative,negative Security review,fallback_classification,very_negative,negative
Quite useless for newcomers,2,UI/UX,0.6,Engagement,0.5,negative,negative UI/UX review,fallback_classification,negative,negative
बहुत ही रद्दी बाईक है bs6 clasic जब खरीदने जाओ तो महिलाओं को बिठा देते हैं ये खूबी है वो खूबी है इस ,1,Other,0.6,Engagement,0.5,negative,negative Other review,fallback_classification,very_negative,negative
My Enfield my Pride,5,Other,0.6,Engagement,0.5,positive,positive Other review,fallback_classification,very_positive,positive
Is gear will show in display screen in Royal Enfield Classic 350 black sheath,5,UI/UX,0.6,Engagement,0.5,positive,positive UI/UX review,fallback_classification,very_positive,positive
I'm unable to book for a service. All i see is a black screen that keeps loading and doesn't go to t,1,Performance,0.6,User Retention,0.5,negative,negative Performance review,fallback_classification,very_negative,negative
"It's not working, & always suddenly closeing this app",1,Bugs,0.6,User Retention,0.5,negative,negative Bugs review,fallback_classification,very_negative,negative
♥️♥️👍,5,Other,0.6,Engagement,0.5,positive,positive Other review,fallback_classification,very_positive,positive
Worst quality. Also services are very bad.,1,Customer_Support,0.6,Brand Trust,0.5,negative,negative Customer_Support review,fallback_classification,very_negative,negative
I like it RE 650 sultan 🥰🥰😘😘😘🎯🎯🎯🎯🎯🎯🎯,4,Other,0.6,Engagement,0.5,positive,positive Other review,fallback_classification,positive,positive
Very good experience Thanks 👍,5,Other,0.6,Engagement,0.5,positive,positive Other review,fallback_classification,very_positive,positive
When u want to check any think about your bike just click on it,5,Features,0.6,Engagement,0.5,positive,positive Features review,fallback_classification,very_positive,positive
Very very very slower aap,1,Performance,0.6,User Retention,0.5,negative,negative Performance review,fallback_classification,very_negative,negative
Good showroom staff,5,Customer_Support,0.6,Brand Trust,0.5,positive,positive Customer_Support review,fallback_classification,very_positive,positive
All's great but navigation needs to be fixed....one should see only those roads where 2 wheelers are,4,Bugs,0.6,User Retention,0.5,positive,positive Bugs review,fallback_classification,positive,positive
Exillence in shourum service,5,Customer_Support,0.6,Brand Trust,0.5,positive,positive Customer_Support review,fallback_classification,very_positive,positive
Useless app,1,Other,0.6,Engagement,0.5,negative,negative Other review,fallback_classification,very_negative,negative
Service record never gets updated every I have to mail and tell them to update,2,Customer_Support,0.6,Brand Trust,0.5,negative,negative Customer_Support review,fallback_classification,negative,negative
Not able add my motorcycle,1,Features,0.6,Engagement,0.5,negative,negative Features review,fallback_classification,very_negative,negative
Nice💖,5,Other,0.6,Engagement,0.5,positive,positive Other review,fallback_classification,very_positive,positive
Super Boos...💓💓💓,5,Other,0.6,Engagement,0.5,positive,positive Other review,fallback_classification,very_positive,positive
Best Experience By Purchasing The Vehicle..,5,Other,0.6,Engagement,0.5,positive,positive Other review,fallback_classification,very_positive,positive
Very much satisfied,5,Other,0.6,Engagement,0.5,positive,positive Other review,fallback_classification,very_positive,positive
Nice experience and very cooperative Riders Team of Dibrugarh while delivery my bike,5,Customer_Support,0.6,Brand Trust,0.5,positive,positive Customer_Support review,fallback_classification,very_positive,positive
it my bike Huntet350 its amazing metal bike like ghost rider feeel,5,Billing,0.6,Revenue,0.5,positive,positive Billing review,fallback_classification,very_positive,positive
Good behaviour all Staff,5,Customer_Support,0.6,Brand Trust,0.5,positive,positive Customer_Support review,fallback_classification,very_positive,positive
Worst user interface,1,UI/UX,0.6,Engagement,0.5,negative,negative UI/UX review,fallback_classification,very_negative,negative
Worst app App keeps crashing all the time while u add new Config,1,Performance,0.6,User Retention,0.5,negative,negative Performance review,fallback_classification,very_negative,negative
Upgrading from 2 to 3 stars basis new software update. This has made the mobile app a lot more stabl,3,Performance,0.6,User Retention,0.5,neutral,neutral Performance review,fallback_classification,neutral,neutral
Biggest worst feature is the Map for the tripper navigation. This map feels like we are using Google,1,Billing,0.6,Revenue,0.5,negative,negative Billing review,fallback_classification,very_negative,negative
Very bad experience By taking this app i am getting storage location permission problem for which i ,1,Bugs,0.6,User Retention,0.5,negative,negative Bugs review,fallback_classification,very_negative,negative
"Jitendra sales man good deal with us and good bheaviour,good experience to me for royal Enfield",5,Other,0.6,Engagement,0.5,positive,positive Other review,fallback_classification,very_positive,positive
Worst,1,Other,0.6,Engagement,0.5,negative,negative Other review,fallback_classification,very_negative,negative
Rayal enfield Classic 350 bike. braking sistam vest abs not working front & back two brake not worki,1,Bugs,0.6,User Retention,0.5,negative,negative Bugs review,fallback_classification,very_negative,negative
"The service was excellent, and the employees made us feel welcome. As soon as necessary, they took a",5,Billing,0.6,Revenue,0.5,positive,positive Billing review,fallback_classification,very_positive,positive
Still facing navigation issue not at working disconnect after 50 meters more then 1 month. I posted ,1,Bugs,0.6,User Retention,0.5,negative,negative Bugs review,fallback_classification,very_negative,negative
Awesome 😎,4,Other,0.6,Engagement,0.5,positive,positive Other review,fallback_classification,positive,positive
Thanks for resolving the issue.,4,Bugs,0.6,User Retention,0.5,positive,positive Bugs review,fallback_classification,positive,positive
It was a great experience to have an GT650 The Power House😁😁,5,Other,0.6,Engagement,0.5,positive,positive Other review,fallback_classification,very_positive,positive
It amazing aap,5,Other,0.6,Engagement,0.5,positive,positive Other review,fallback_classification,very_positive,positive
Very good 😊,5,Other,0.6,Engagement,0.5,positive,positive Other review,fallback_classification,very_positive,positive
Great expeiance,5,Other,0.6,Engagement,0.5,positive,positive Other review,fallback_classification,very_positive,positive
Worst app. Unable to connect to navigation. App crashes,1,Performance,0.6,User Retention,0.5,negative,negative Performance review,fallback_classification,very_negative,negative
Super🥰🥰,5,Other,0.6,Engagement,0.5,positive,positive Other review,fallback_classification,very_positive,positive
Meri bike ka accident huwa tha 15-20 din hogye insurance tha but bike ab tak thik nhi hui 😥😥,1,UI/UX,0.6,Engagement,0.5,negative,negative UI/UX review,fallback_classification,very_negative,negative
"The app is useless. Many times, it just keeps on searching after a few meters and stops showing any ",1,Bugs,0.6,User Retention,0.5,negative,negative Bugs review,fallback_classification,very_negative,negative
Navigation is automatically turning off after 1minute with the latest app update.,2,UI/UX,0.6,Engagement,0.5,negative,negative UI/UX review,fallback_classification,negative,negative
App getting crash after you try to start configuring the bike... Even i reinstalled the app.. Please,4,Performance,0.6,User Retention,0.5,positive,positive Performance review,fallback_classification,positive,positive
It requires so may updates.. Navigates very slow . Battery drains very quickly.. At junctions it is ,2,Performance,0.6,User Retention,0.5,negative,negative Performance review,fallback_classification,negative,negative
1st make spare parts for the bikes. Then only we have to use this app. Owning interceptor 650 whatev,1,Customer_Support,0.6,Brand Trust,0.5,negative,negative Customer_Support review,fallback_classification,very_negative,negative
Very good 🙂,5,Other,0.6,Engagement,0.5,positive,positive Other review,fallback_classification,very_positive,positive
Pathetic Experience. Does not let register my motorcycle.,1,Other,0.6,Engagement,0.5,negative,negative Other review,fallback_classification,very_negative,negative
Doesn't work,1,Bugs,0.6,User Retention,0.5,negative,negative Bugs review,fallback_classification,very_negative,negative
The app works just fine. The app wasn't connecting initially with the tripper navigation device. The,4,Bugs,0.6,User Retention,0.5,positive,positive Bugs review,fallback_classification,positive,positive
My pride royal Enfield,5,Other,0.6,Engagement,0.5,positive,positive Other review,fallback_classification,very_positive,positive
Nice🤩🤩🤩,5,Other,0.6,Engagement,0.5,positive,positive Other review,fallback_classification,very_positive,positive
"Please add the brightness control in the navigation unit, the brightness is blinding at night",1,UI/UX,0.6,Engagement,0.5,negative,negative UI/UX review,fallback_classification,very_negative,negative
Having Issues when trying make your own bike option for Himalayan App is Crashing,1,Performance,0.6,User Retention,0.5,negative,negative Performance review,fallback_classification,very_negative,negative
Happy,4,Other,0.6,Engagement,0.5,positive,positive Other review,fallback_classification,positive,positive
Service manager is good,5,Customer_Support,0.6,Brand Trust,0.5,positive,positive Customer_Support review,fallback_classification,very_positive,positive
Very good Service....,5,Customer_Support,0.6,Brand Trust,0.5,positive,positive Customer_Support review,fallback_classification,very_positive,positive
Re meteror,5,Other,0.6,Engagement,0.5,positive,positive Other review,fallback_classification,very_positive,positive
Many options not working... I want to use it for service and history but there is no information it ,2,Bugs,0.6,User Retention,0.5,negative,negative Bugs review,fallback_classification,negative,negative
Good fasility,5,Other,0.6,Engagement,0.5,positive,positive Other review,fallback_classification,very_positive,positive
Got battery problem in less than 50 days from bike purchased date and they are asking me to bring th,1,Billing,0.6,Revenue,0.5,negative,negative Billing review,fallback_classification,very_negative,negative
My bullet classic 350 efi misfaire problem kar rahi thi hum showroom leke gay waha thik Hui phir 19 ,1,Bugs,0.6,User Retention,0.5,negative,negative Bugs review,fallback_classification,very_negative,negative
Unable to upload RC document to add vehicle details to app very basic necessitiy and needs more impr,1,Features,0.6,Engagement,0.5,negative,negative Features review,fallback_classification,very_negative,negative
"Must have call notification feature, the display provides only destination routes, I don't like it. ",1,UI/UX,0.6,Engagement,0.5,negative,negative UI/UX review,fallback_classification,very_negative,negative
"""Configure your bike"" section doesn't load at all. Overall responsiveness of the app is terrible too",1,Other,0.6,Engagement,0.5,negative,negative Other review,fallback_classification,very_negative,negative
App is battery drainer.consume so much battery and now its not connecting to tripper,1,Performance,0.6,User Retention,0.5,negative,negative Performance review,fallback_classification,very_negative,negative
Thanks to the technical team support. The error was in the phone settings and not on the application,4,Bugs,0.6,User Retention,0.5,positive,positive Bugs review,fallback_classification,positive,positive
Very good App,5,Other,0.6,Engagement,0.5,positive,positive Other review,fallback_classification,very_positive,positive
There was trouble with navigation but RE application team helped me and issue is fixed now,4,Bugs,0.6,User Retention,0.5,positive,positive Bugs review,fallback_classification,positive,positive
Not good app,1,Other,0.6,Engagement,0.5,negative,negative Other review,fallback_classification,very_negative,negative
Please Add in map latitude and longitude options...,4,Features,0.6,Engagement,0.5,positive,positive Features review,fallback_classification,positive,positive
Great customer service from the RE app team when I had an issue with the tripper navigation.,5,Bugs,0.6,User Retention,0.5,positive,positive Bugs review,fallback_classification,very_positive,positive
Thanks cherry corp.,5,Other,0.6,Engagement,0.5,positive,positive Other review,fallback_classification,very_positive,positive
Have been trying to log my motorcycle for the last year. Verification pending forv1 year now,1,Other,0.6,Engagement,0.5,negative,negative Other review,fallback_classification,very_negative,negative
Thank you developers for fixing up the issue with navigation hanging issue. Please also work heating,4,Billing,0.6,Revenue,0.5,positive,positive Billing review,fallback_classification,positive,positive
The app crashes everysingle time when T try to configure tmthe Himalayan 411.. I am not able to do a,1,Performance,0.6,User Retention,0.5,negative,negative Performance review,fallback_classification,very_negative,negative
Best quality and best bike so lovely,5,Other,0.6,Engagement,0.5,positive,positive Other review,fallback_classification,very_positive,positive
AWESOME 😎👍👍,5,Other,0.6,Engagement,0.5,positive,positive Other review,fallback_classification,very_positive,positive
AUTO DISCONNECT OF APP WITH NAVIGATION OF METEOR 350.VERY POOR SERVICE APP.,1,Customer_Support,0.6,Brand Trust,0.5,negative,negative Customer_Support review,fallback_classification,very_negative,negative
tripper is useless for meteor 350,1,Features,0.6,Engagement,0.5,negative,negative Features review,fallback_classification,very_negative,negative
The app was working fine till the last update but currently its not navigating the correct route and,1,Bugs,0.6,User Retention,0.5,negative,negative Bugs review,fallback_classification,very_negative,negative
Very bad app server always down.not sign in properly,1,Bugs,0.6,User Retention,0.5,negative,negative Bugs review,fallback_classification,very_negative,negative
Fully satisfied bulletoooooo....,5,Other,0.6,Engagement,0.5,positive,positive Other review,fallback_classification,very_positive,positive
"Well this time RE really deserve appreciation in their app, it's been a long while I was using this ",5,Bugs,0.6,User Retention,0.5,positive,positive Bugs review,fallback_classification,very_positive,positive
"Very good sales service and full information, Thanks shreeji automobile",5,Customer_Support,0.6,Brand Trust,0.5,positive,positive Customer_Support review,fallback_classification,very_positive,positive
Tq very much for your response and problem solved..,5,Bugs,0.6,User Retention,0.5,positive,positive Bugs review,fallback_classification,very_positive,positive
The pricing is not the same as mentioned after entering the location also,1,Other,0.6,Engagement,0.5,negative,negative Other review,fallback_classification,very_negative,negative
"It's a very pathetic application, map is not able to find your accurate position, so it's rerouting ",2,Customer_Support,0.6,Brand Trust,0.5,negative,negative Customer_Support review,fallback_classification,negative,negative
The app was working fine earlier but with the update it is not staying connected with the tripper. T,1,Bugs,0.6,User Retention,0.5,negative,negative Bugs review,fallback_classification,very_negative,negative
Provide option to download Invoice. I am able to see the Invoice No's but there is no options to dow,3,Features,0.6,Engagement,0.5,neutral,neutral Features review,fallback_classification,neutral,neutral
Hi i bought my bullet 350 a month ago now its 1st service time.. can i do the service from my city n,2,Customer_Support,0.6,Brand Trust,0.5,negative,negative Customer_Support review,fallback_classification,negative,negative
Not bad not good average performance,3,Other,0.6,Engagement,0.5,neutral,neutral Other review,fallback_classification,neutral,neutral
The application is very slow the map is not getting updated as we move along the route it get update,3,Performance,0.6,User Retention,0.5,neutral,neutral Performance review,fallback_classification,neutral,neutral
Owner's manual is not working...,1,Bugs,0.6,User Retention,0.5,negative,negative Bugs review,fallback_classification,very_negative,negative
From few days it gets disconnected after few minutes of starting a ride. it's reduculus,2,Other,0.6,Engagement,0.5,negative,negative Other review,fallback_classification,negative,negative
Waste of time using this app such a valuable brand RE is but this app is such a disgrace to the bran,1,Other,0.6,Engagement,0.5,negative,negative Other review,fallback_classification,very_negative,negative
"Absolutely horrible application. The navigation never works , , If you book a service from the app y",1,Billing,0.6,Revenue,0.5,negative,negative Billing review,fallback_classification,very_negative,negative
I have booked a vechile 2 months back at the time of booking they said the bike will delivered withi,1,Customer_Support,0.6,Brand Trust,0.5,negative,negative Customer_Support review,fallback_classification,very_negative,negative
"My Tripper is not working at all on my Meteor 350, everytime I connect its just stuck on the first d",2,Performance,0.6,User Retention,0.5,negative,negative Performance review,fallback_classification,negative,negative
Worst app ever seen before...very much dispointed..useless app,1,Other,0.6,Engagement,0.5,negative,negative Other review,fallback_classification,very_negative,negative
It is waste of app not working this app Vehicles also very bad vehicles Classic 350 problem not rect,1,Bugs,0.6,User Retention,0.5,negative,negative Bugs review,fallback_classification,very_negative,negative
ATLEAST WHEN THE MOBILE IS CONNECTED WITH THE NAVIGATION DEVICE SHOULD SHOW WHO IS CALLING WHEN THE ,3,Security,0.6,Brand Trust,0.5,neutral,neutral Security review,fallback_classification,neutral,neutral
Tripper is not working properly after the update,1,Bugs,0.6,User Retention,0.5,negative,negative Bugs review,fallback_classification,very_negative,negative
After almost 1 year of using re himalayan & the triper navigation so called attached to the bike. Bi,1,UI/UX,0.6,Engagement,0.5,negative,negative UI/UX review,fallback_classification,very_negative,negative
Unreliable UI,1,UI/UX,0.6,Engagement,0.5,negative,negative UI/UX review,fallback_classification,very_negative,negative
"Very Bad experience with this app, 1 week I was in Gurudongmar lake. I have rode approximately 1648 ",2,Features,0.6,Engagement,0.5,negative,negative Features review,fallback_classification,negative,negative
"Worst sync, many bugs. Couple of days it's not even working from properly",1,Bugs,0.6,User Retention,0.5,negative,negative Bugs review,fallback_classification,very_negative,negative
Bad company and bad service,1,Customer_Support,0.6,Brand Trust,0.5,negative,negative Customer_Support review,fallback_classification,very_negative,negative
"Inaccurate GPS location While navigating, it picks incorrect GPS location and this has been happenin",1,Bugs,0.6,User Retention,0.5,negative,negative Bugs review,fallback_classification,very_negative,negative
"Worst application, need lot of improvement. It consume lot of battery, and with latest update naviga",1,Performance,0.6,User Retention,0.5,negative,negative Performance review,fallback_classification,very_negative,negative
Very very slow app,2,Performance,0.6,User Retention,0.5,negative,negative Performance review,fallback_classification,negative,negative
Receiving of customer is excellent ☺️,5,Other,0.6,Engagement,0.5,positive,positive Other review,fallback_classification,very_positive,positive
Appp not installing in Android 13 ... please resolve this,2,Other,0.6,Engagement,0.5,negative,negative Other review,fallback_classification,negative,negative
"Not working,Crashs after every launch in SAMSUNG S22 ULTRA,Please fix",1,Performance,0.6,User Retention,0.5,negative,negative Performance review,fallback_classification,very_negative,negative
Bro their response is too quick 😊,5,Customer_Support,0.6,Brand Trust,0.5,positive,positive Customer_Support review,fallback_classification,very_positive,positive
"When will I be able to save locations on the map. Like, I want to save my home location, just tappin",5,Features,0.6,Engagement,0.5,positive,positive Features review,fallback_classification,very_positive,positive
The app is very slow taking lot of time to open and navigate on tabs.,1,Performance,0.6,User Retention,0.5,negative,negative Performance review,fallback_classification,very_negative,negative
Disappointed,1,Other,0.6,Engagement,0.5,negative,negative Other review,fallback_classification,very_negative,negative
"Third Quality App. Needs much more improvement. It doesn't open in an attempt, one has to try atleas",1,Features,0.6,Engagement,0.5,negative,negative Features review,fallback_classification,very_negative,negative
"This app is very slow and need to improve navigation, it shows wrong turns and takes lot of time to ",2,Performance,0.6,User Retention,0.5,negative,negative Performance review,fallback_classification,negative,negative
So Good,5,Other,0.6,Engagement,0.5,positive,positive Other review,fallback_classification,very_positive,positive
When will be the recording features are coming?,3,Features,0.6,Engagement,0.5,neutral,neutral Features review,fallback_classification,neutral,neutral
"Hi, Installed the app, logged in but my booking is not showing.",3,Features,0.6,Engagement,0.5,neutral,neutral Features review,fallback_classification,neutral,neutral
Today i visit for service in DELHI service centre ( Dabri mod) at 11am but till service not done. ( ,1,Billing,0.6,Revenue,0.5,negative,negative Billing review,fallback_classification,very_negative,negative
"it's a really royal brand since 1901 but this app 👎 I've faced many bugs in this app, literally my p",1,Performance,0.6,User Retention,0.5,negative,negative Performance review,fallback_classification,very_negative,negative
"I booked re hunter 350 on September, today is November, i asked sales team they are saying we can't ",2,Bugs,0.6,User Retention,0.5,negative,negative Bugs review,fallback_classification,negative,negative
Very poor customer service,1,Customer_Support,0.6,Brand Trust,0.5,negative,negative Customer_Support review,fallback_classification,very_negative,negative
Very good app. Works just fine but the Royal Enfield store is not available on the app. For instance,4,Features,0.6,Engagement,0.5,positive,positive Features review,fallback_classification,positive,positive
Unable to sign up the app,1,Other,0.6,Engagement,0.5,negative,negative Other review,fallback_classification,very_negative,negative
"Dear Royal Enfield, i can't login into app from last 3 to 5 months. Again and Again it is telling me",1,Security,0.6,Brand Trust,0.5,negative,negative Security review,fallback_classification,very_negative,negative
Nice app and nice bike,4,Other,0.6,Engagement,0.5,positive,positive Other review,fallback_classification,positive,positive
"HI Royal Enfield team, It's been a wonderful experience riding Royal Enfield and the tripper navigat",3,UI/UX,0.6,Engagement,0.5,neutral,neutral UI/UX review,fallback_classification,neutral,neutral
It crashes,2,Performance,0.6,User Retention,0.5,negative,negative Performance review,fallback_classification,negative,negative
Not working in NOTHING phone,3,Bugs,0.6,User Retention,0.5,neutral,neutral Bugs review,fallback_classification,neutral,neutral
"Thank you RE for this app, it will help the RE fans a lot.",5,Other,0.6,Engagement,0.5,positive,positive Other review,fallback_classification,very_positive,positive
Clear photo nhi dekhata hai,2,Other,0.6,Engagement,0.5,negative,negative Other review,fallback_classification,negative,negative
"Worst really I booked hunter 350 , 65days completed now they saying another 30 days have to wait in ",1,Customer_Support,0.6,Brand Trust,0.5,negative,negative Customer_Support review,fallback_classification,very_negative,negative
Minor bugs,4,Bugs,0.6,User Retention,0.5,positive,positive Bugs review,fallback_classification,positive,positive
very poor,1,Other,0.6,Engagement,0.5,negative,negative Other review,fallback_classification,very_negative,negative
Pathetic experience I doesn't show where I am. It just shows 900 meter aero and after that it shows ,1,Features,0.6,Engagement,0.5,negative,negative Features review,fallback_classification,very_negative,negative
रोड साइड अस्सिस्टेंट की सेवा बस नाम की सेवा है । 1 घंटे में आने की बात की जाती है । all इंडिया में क,2,Other,0.6,Engagement,0.5,negative,negative Other review,fallback_classification,negative,negative
Settings under Navigation option for trip navigator do not work at all. All the options in settings ,2,UI/UX,0.6,Engagement,0.5,negative,negative UI/UX review,fallback_classification,negative,negative
Navigation automatic gets end,1,UI/UX,0.6,Engagement,0.5,negative,negative UI/UX review,fallback_classification,very_negative,negative
App takes too much time to open up.,2,Other,0.6,Engagement,0.5,negative,negative Other review,fallback_classification,negative,negative
Not able to book service through the app. Book service button is not working,1,Bugs,0.6,User Retention,0.5,negative,negative Bugs review,fallback_classification,very_negative,negative
Very buggy. needs lot of improvement,2,Bugs,0.6,User Retention,0.5,negative,negative Bugs review,fallback_classification,negative,negative
Very slow and laggy app.,1,Performance,0.6,User Retention,0.5,negative,negative Performance review,fallback_classification,very_negative,negative
Not user friendly. Not impressed,1,UI/UX,0.6,Engagement,0.5,negative,negative UI/UX review,fallback_classification,very_negative,negative
Very nice excellent your response,5,Customer_Support,0.6,Brand Trust,0.5,positive,positive Customer_Support review,fallback_classification,very_positive,positive
The navigation seems to be okay when it's feed on the app but once you start riding after certain km,1,Billing,0.6,Revenue,0.5,negative,negative Billing review,fallback_classification,very_negative,negative
Outstanding App 💝,5,Other,0.6,Engagement,0.5,positive,positive Other review,fallback_classification,very_positive,positive
After update it's not working. Totally disgusting 👎👎👎👎,1,Bugs,0.6,User Retention,0.5,negative,negative Bugs review,fallback_classification,very_negative,negative
"I don't know, why you people are not checking on your apps. You don't have money to fix the bugs on ",4,Billing,0.6,Revenue,0.5,positive,positive Billing review,fallback_classification,positive,positive
App keeps crashing and slow connection problem,1,Performance,0.6,User Retention,0.5,negative,negative Performance review,fallback_classification,very_negative,negative
After new update I am not able to put location on map. It keeps on loading and later shows slow netw,1,Performance,0.6,User Retention,0.5,negative,negative Performance review,fallback_classification,very_negative,negative
Very poor app experience its tooo slow and not working many times its useless,1,Performance,0.6,User Retention,0.5,negative,negative Performance review,fallback_classification,very_negative,negative
Almost 3 month over still they are searching for chassis no ..to confirm..very worst app,1,Other,0.6,Engagement,0.5,negative,negative Other review,fallback_classification,very_negative,negative
Weird. The bike cannot be added in the app. Request is taken but never gets added.,1,Features,0.6,Engagement,0.5,negative,negative Features review,fallback_classification,very_negative,negative
Perfect DONE 5 stars💫💫💫💫💫,5,Other,0.6,Engagement,0.5,positive,positive Other review,fallback_classification,very_positive,positive
"Useless service,bahut badi galti hogaya Royal Enfield bike kharidke",1,Customer_Support,0.6,Brand Trust,0.5,negative,negative Customer_Support review,fallback_classification,very_negative,negative
Your bike may be ride you but my Himalayan ride my soul♥️😇🧤,5,Other,0.6,Engagement,0.5,positive,positive Other review,fallback_classification,very_positive,positive
Thank you sales team Best dealership in Telangana,5,Customer_Support,0.6,Brand Trust,0.5,positive,positive Customer_Support review,fallback_classification,very_positive,positive
After last update this app is getting very slow to response & drain battery fast.,2,Performance,0.6,User Retention,0.5,negative,negative Performance review,fallback_classification,negative,negative
𝕹𝖎𝖈𝖊 𝖆𝖕𝖕𝖆,5,Other,0.6,Engagement,0.5,positive,positive Other review,fallback_classification,very_positive,positive
Tripper turn by turn is actually giving faulty directions. Sometimes it's re routing was so slow tha,3,Performance,0.6,User Retention,0.5,neutral,neutral Performance review,fallback_classification,neutral,neutral
It should support offline map,1,Customer_Support,0.6,Brand Trust,0.5,negative,negative Customer_Support review,fallback_classification,very_negative,negative
Wow Application gives accurate current location.,5,Other,0.6,Engagement,0.5,positive,positive Other review,fallback_classification,very_positive,positive
Not showing properly many times showing another direction,1,Other,0.6,Engagement,0.5,negative,negative Other review,fallback_classification,very_negative,negative
"The app is a bit slow. But, my concern is that it's not a complete app as there is no configuration ",3,Performance,0.6,User Retention,0.5,neutral,neutral Performance review,fallback_classification,neutral,neutral
Automatically app closed.,1,Other,0.6,Engagement,0.5,negative,negative Other review,fallback_classification,very_negative,negative
Thanks royal enfield app,5,Other,0.6,Engagement,0.5,positive,positive Other review,fallback_classification,very_positive,positive
Request you to upgrade and make it more better for use,1,Features,0.6,Engagement,0.5,negative,negative Features review,fallback_classification,very_negative,negative
Interface Everything looks good but buffering very slow and map while connecting to bike gets struck,1,Performance,0.6,User Retention,0.5,negative,negative Performance review,fallback_classification,very_negative,negative
The worst app one can build. Takes ages to load. Frequently crashes. No response from developer. And,1,Performance,0.6,User Retention,0.5,negative,negative Performance review,fallback_classification,very_negative,negative
Keeps disconnecting whenever we stop bike even for a phone call,1,Other,0.6,Engagement,0.5,negative,negative Other review,fallback_classification,very_negative,negative
Pathetic,3,Other,0.6,Engagement,0.5,neutral,neutral Other review,fallback_classification,neutral,neutral
Osm Reviews,5,Other,0.6,Engagement,0.5,positive,positive Other review,fallback_classification,very_positive,positive
My issue cleared successfully. Thank you Mr.Arun for your kind service.,5,Bugs,0.6,User Retention,0.5,positive,positive Bugs review,fallback_classification,very_positive,positive
Very good app and navigator,5,Other,0.6,Engagement,0.5,positive,positive Other review,fallback_classification,very_positive,positive
Unable to login despite entering correct login details.,1,Bugs,0.6,User Retention,0.5,negative,negative Bugs review,fallback_classification,very_negative,negative
Booked service appointment via the app but the service centre is holiday today(Dussehra). 😑 Thought ,1,Customer_Support,0.6,Brand Trust,0.5,negative,negative Customer_Support review,fallback_classification,very_negative,negative
Even after selecting the don't allow for battery optimisation it still shows the same thing and the ,3,Performance,0.6,User Retention,0.5,neutral,neutral Performance review,fallback_classification,neutral,neutral
Its been 1 week my app is not working,3,Bugs,0.6,User Retention,0.5,neutral,neutral Bugs review,fallback_classification,neutral,neutral
Always server down,1,Other,0.6,Engagement,0.5,negative,negative Other review,fallback_classification,very_negative,negative
Was logged out automatically and now i am not able to log in neither i am able to sign uo worst expe,1,Other,0.6,Engagement,0.5,negative,negative Other review,fallback_classification,very_negative,negative
The app just does not work. Just not able to log in with the mail id or the mobile number. There are,1,Bugs,0.6,User Retention,0.5,negative,negative Bugs review,fallback_classification,very_negative,negative
"Worst application ever in my phone, you can not search any place in side application, first search i",1,UI/UX,0.6,Engagement,0.5,negative,negative UI/UX review,fallback_classification,very_negative,negative
App is not at all working,1,Other,0.6,Engagement,0.5,negative,negative Other review,fallback_classification,very_negative,negative
"Worst app. If you login to it, then there is always an error show. And now even after entering the l",1,Security,0.6,Brand Trust,0.5,negative,negative Security review,fallback_classification,very_negative,negative
"Useless,, just a waste of time.",1,Other,0.6,Engagement,0.5,negative,negative Other review,fallback_classification,very_negative,negative
Why l'm not getting the upcoming rides details and registration options although my app is updated?,4,Features,0.6,Engagement,0.5,positive,positive Features review,fallback_classification,positive,positive
Fraud app,1,Other,0.6,Engagement,0.5,negative,negative Other review,fallback_classification,very_negative,negative
I hope they would add call notifications at the least...,3,Features,0.6,Engagement,0.5,neutral,neutral Features review,fallback_classification,neutral,neutral
Not upto mark,3,Other,0.6,Engagement,0.5,neutral,neutral Other review,fallback_classification,neutral,neutral
Unable set up configuration 😠😠😠,1,Other,0.6,Engagement,0.5,negative,negative Other review,fallback_classification,very_negative,negative
Bakwas app😈👿,1,Other,0.6,Engagement,0.5,negative,negative Other review,fallback_classification,very_negative,negative
Easiest way to book and customize bike as per your need,5,Features,0.6,Engagement,0.5,positive,positive Features review,fallback_classification,very_positive,positive
Poor app cant able to login after update,2,Bugs,0.6,User Retention,0.5,negative,negative Bugs review,fallback_classification,negative,negative
This application is very slow like ox cart....,1,Performance,0.6,User Retention,0.5,negative,negative Performance review,fallback_classification,very_negative,negative
Takes too long to load. Not accurate. Connectivity issues is high. No use only drains battery in mob,1,Performance,0.6,User Retention,0.5,negative,negative Performance review,fallback_classification,very_negative,negative
Trash app,1,Other,0.6,Engagement,0.5,negative,negative Other review,fallback_classification,very_negative,negative
App is consuming too much battery power for navigation due to which phone is getting too heat. Try t,2,Security,0.6,Brand Trust,0.5,negative,negative Security review,fallback_classification,negative,negative
Nice apps,5,Other,0.6,Engagement,0.5,positive,positive Other review,fallback_classification,very_positive,positive
Ek number,5,Other,0.6,Engagement,0.5,positive,positive Other review,fallback_classification,very_positive,positive
App is good but bullet 350 is not yet come. Please make it fast.,2,Other,0.6,Engagement,0.5,negative,negative Other review,fallback_classification,negative,negative
Full power,5,Other,0.6,Engagement,0.5,positive,positive Other review,fallback_classification,very_positive,positive
Error- Unable to fetch your data. Even if I am connected to high speed internet the app shows an err,2,Security,0.6,Brand Trust,0.5,negative,negative Security review,fallback_classification,negative,negative
Please add some more features to use tripper display.. like features which we get in smart watch ( d,1,Features,0.6,Engagement,0.5,negative,negative Features review,fallback_classification,very_negative,negative
Excellent service RE,5,Customer_Support,0.6,Brand Trust,0.5,positive,positive Customer_Support review,fallback_classification,very_positive,positive
It's disconnected when mobile screen is off and receiving calls,1,UI/UX,0.6,Engagement,0.5,negative,negative UI/UX review,fallback_classification,very_negative,negative
Bad service,1,Customer_Support,0.6,Brand Trust,0.5,negative,negative Customer_Support review,fallback_classification,very_negative,negative
This is a best app which is provided by royal Enfield 😃😃😃,5,Other,0.6,Engagement,0.5,positive,positive Other review,fallback_classification,very_positive,positive
Time will be wasted...,1,Other,0.6,Engagement,0.5,negative,negative Other review,fallback_classification,very_negative,negative
I am unable to add my vehicle in app... This is disgusting it's please contact customer care..what t,2,Customer_Support,0.6,Brand Trust,0.5,negative,negative Customer_Support review,fallback_classification,negative,negative
Very slow. Still it's need to improve software...,1,Performance,0.6,User Retention,0.5,negative,negative Performance review,fallback_classification,very_negative,negative
Not able to login...and the service list is not updated in my account,1,Bugs,0.6,User Retention,0.5,negative,negative Bugs review,fallback_classification,very_negative,negative
App slower than a tortoise.,1,Performance,0.6,User Retention,0.5,negative,negative Performance review,fallback_classification,very_negative,negative
This app is just like RE service centre. Loading......,1,Performance,0.6,User Retention,0.5,negative,negative Performance review,fallback_classification,very_negative,negative
I am so happy Purchase bullet Standard 350 best service timely delivery bike bhagwanpur showroom bes,5,Billing,0.6,Revenue,0.5,positive,positive Billing review,fallback_classification,very_positive,positive
superfine.,5,Other,0.6,Engagement,0.5,positive,positive Other review,fallback_classification,very_positive,positive
Navigation on tripper get hangs..so you wait for next instructions to turn but it's simply hang then,2,Performance,0.6,User Retention,0.5,negative,negative Performance review,fallback_classification,negative,negative
Never seen a pathetic app like this..,1,Other,0.6,Engagement,0.5,negative,negative Other review,fallback_classification,very_negative,negative
"App become unusable, automatically logging off every time I open the app, also after logging in it's",2,Performance,0.6,User Retention,0.5,negative,negative Performance review,fallback_classification,negative,negative
The customer support services is really fast and good ..i was facing some issues from the app i did ,4,Bugs,0.6,User Retention,0.5,positive,positive Bugs review,fallback_classification,positive,positive
Worst service response,1,Customer_Support,0.6,Brand Trust,0.5,negative,negative Customer_Support review,fallback_classification,very_negative,negative
Faltu aap hai itna permission kya chig ka chiye hame bike dekhna na ki saddi krna hai faltu aap,1,Features,0.6,Engagement,0.5,negative,negative Features review,fallback_classification,very_negative,negative
Awesome 👍,5,Other,0.6,Engagement,0.5,positive,positive Other review,fallback_classification,very_positive,positive
Very Slow app and It takes Too long to Load any of Pages,1,Performance,0.6,User Retention,0.5,negative,negative Performance review,fallback_classification,very_negative,negative
Last one month i ragister my bike details on RE application still showing me we are working on your ,2,Features,0.6,Engagement,0.5,negative,negative Features review,fallback_classification,negative,negative
Can't check the service dates and other details it always gives error,1,Bugs,0.6,User Retention,0.5,negative,negative Bugs review,fallback_classification,very_negative,negative
"The app has not been able to clear the bugs yet, despite many monthly updates being made. User can't",1,Bugs,0.6,User Retention,0.5,negative,negative Bugs review,fallback_classification,very_negative,negative
Changing 5 stars to 2 .. app just doesn't work anymore,2,Performance,0.6,User Retention,0.5,negative,negative Performance review,fallback_classification,negative,negative
What is the point of adding a option to book service appointment. When people at service centre (the,1,Customer_Support,0.6,Brand Trust,0.5,negative,negative Customer_Support review,fallback_classification,very_negative,negative
hunter 350 realy good experience,5,Other,0.6,Engagement,0.5,positive,positive Other review,fallback_classification,very_positive,positive
The App is aful it don't allow me to sign up. I own a Meteor 350 but cannot use Navagation future wh,1,Other,0.6,Engagement,0.5,negative,negative Other review,fallback_classification,very_negative,negative
Good apps,5,Other,0.6,Engagement,0.5,positive,positive Other review,fallback_classification,very_positive,positive
The main purpose of the app is to book service appointment and whenever i open the app is failed to ,1,Performance,0.6,User Retention,0.5,negative,negative Performance review,fallback_classification,very_negative,negative
Excellent bike,5,Other,0.6,Engagement,0.5,positive,positive Other review,fallback_classification,very_positive,positive
"I have classic 350 purchased from RSA AUTOMOTIVES, Vadodara on dated 11th February 2022. In 1900 kms",1,Billing,0.6,Revenue,0.5,negative,negative Billing review,fallback_classification,very_negative,negative
Need more improvement. There is various bugs in this app. This app is very important for customers. ,1,Bugs,0.6,User Retention,0.5,negative,negative Bugs review,fallback_classification,very_negative,negative
"Bakwas app hai, too slow app ever seen",1,Performance,0.6,User Retention,0.5,negative,negative Performance review,fallback_classification,very_negative,negative
Very very irritating app its not a friendly app. Atlast whatever enqueries we move to showroom . ...,1,Customer_Support,0.6,Brand Trust,0.5,negative,negative Customer_Support review,fallback_classification,very_negative,negative
What a disgusting issue you guys have in this app that instead of providing correct credentials stil,1,Security,0.6,Brand Trust,0.5,negative,negative Security review,fallback_classification,very_negative,negative
"I have another suggestion, Why don't you guys make all the apperal and accessories available on this",5,Security,0.6,Brand Trust,0.5,positive,positive Security review,fallback_classification,very_positive,positive
Trust me Many more bugs in this application and tripper navigation.It's just a show that doesn't wor,1,Billing,0.6,Revenue,0.5,negative,negative Billing review,fallback_classification,very_negative,negative
Won't let me log in and book for servicing my bike😶 Done password change and all things possible.,1,Security,0.6,Brand Trust,0.5,negative,negative Security review,fallback_classification,very_negative,negative
"Not useful for bs6 standard owners ,only for Meteor like😮‍💨",1,Other,0.6,Engagement,0.5,negative,negative Other review,fallback_classification,very_negative,negative
Sucks,1,Other,0.6,Engagement,0.5,negative,negative Other review,fallback_classification,very_negative,negative
"First things first, the app is very slow. It takes a while for the app to open and then to move to t",3,Performance,0.6,User Retention,0.5,neutral,neutral Performance review,fallback_classification,neutral,neutral
Address line 2 don't gets updated.. may be is there some thing or should I become a paid member or s,1,Billing,0.6,Revenue,0.5,negative,negative Billing review,fallback_classification,very_negative,negative
There is no option to even order accessories on this app. What is the point of making this app if it,1,Security,0.6,Brand Trust,0.5,negative,negative Security review,fallback_classification,very_negative,negative
Please fix the service booking issue Have been trying to book a service for the past one week but of,2,Bugs,0.6,User Retention,0.5,negative,negative Bugs review,fallback_classification,negative,negative
Nice app but sometimes records are not updated.,4,Features,0.6,Engagement,0.5,positive,positive Features review,fallback_classification,positive,positive
Why the app is not working? i try to login ut says error and failed to connect to the server. Fix it,1,Bugs,0.6,User Retention,0.5,negative,negative Bugs review,fallback_classification,very_negative,negative
Worst Sevices and product quality... wastage of time n money .. dnt purchase a dustbin in the name o,1,Billing,0.6,Revenue,0.5,negative,negative Billing review,fallback_classification,very_negative,negative
Power,5,Other,0.6,Engagement,0.5,positive,positive Other review,fallback_classification,very_positive,positive
Worst app. Not at all user friendly.,1,UI/UX,0.6,Engagement,0.5,negative,negative UI/UX review,fallback_classification,very_negative,negative
I use this for one thing road side assistance and that doesn't work 🥲,1,Bugs,0.6,User Retention,0.5,negative,negative Bugs review,fallback_classification,very_negative,negative
"Makeityours / vehicle booking doesn't work, saved the configurations and when I select proceed nothi",1,Bugs,0.6,User Retention,0.5,negative,negative Bugs review,fallback_classification,very_negative,negative
Waste app doesn't work at all,1,Bugs,0.6,User Retention,0.5,negative,negative Bugs review,fallback_classification,very_negative,negative
Such a mighty brand. Can't you get a proper team to fix the app issue. Just replying we hear you for,1,Billing,0.6,Revenue,0.5,negative,negative Billing review,fallback_classification,very_negative,negative
Slow And Glitchy,3,Performance,0.6,User Retention,0.5,neutral,neutral Performance review,fallback_classification,neutral,neutral
Why am i unable to login into the account each and every time when i try to login,1,Bugs,0.6,User Retention,0.5,negative,negative Bugs review,fallback_classification,very_negative,negative
This worst this 😡😡😡 for himalyan they discontinued the tripper navigation which i loved that feature,1,Billing,0.6,Revenue,0.5,negative,negative Billing review,fallback_classification,very_negative,negative
"It is a useful app but there is problem in the configuration page, there r so many bugs kindly fix t",2,Bugs,0.6,User Retention,0.5,negative,negative Bugs review,fallback_classification,negative,negative
Royal Enfield ki Bike se accha toh Scooty chalta hai.Bike Ghar mein kam Servicing centre mein jyada ,1,Bugs,0.6,User Retention,0.5,negative,negative Bugs review,fallback_classification,very_negative,negative
Awesome.,5,Other,0.6,Engagement,0.5,positive,positive Other review,fallback_classification,very_positive,positive
"Needs development in tripper navigation system display customize by required. Like clock themes, add",3,Performance,0.6,User Retention,0.5,neutral,neutral Performance review,fallback_classification,neutral,neutral
Waste app. I was looking to see all model's in app but it's not showing. Why did you create a app th,1,UI/UX,0.6,Engagement,0.5,negative,negative UI/UX review,fallback_classification,very_negative,negative
App don't let me login in service page,1,Bugs,0.6,User Retention,0.5,negative,negative Bugs review,fallback_classification,very_negative,negative
Useless app. Doesn't even let me do a single thing. Crashes spontaneously.,1,Performance,0.6,User Retention,0.5,negative,negative Performance review,fallback_classification,very_negative,negative
Worst app. Many other vehicle app interface is better than urs. It takes so long time to just load f,1,UI/UX,0.6,Engagement,0.5,negative,negative UI/UX review,fallback_classification,very_negative,negative
"I tried booking for service, but it is asking to login and when gave the credentials it is not going",1,Bugs,0.6,User Retention,0.5,negative,negative Bugs review,fallback_classification,very_negative,negative
The app does not work at all. It is so slow and put you out of your patience. Please have proper cod,1,Performance,0.6,User Retention,0.5,negative,negative Performance review,fallback_classification,very_negative,negative
Very bad UX,1,Other,0.6,Engagement,0.5,negative,negative Other review,fallback_classification,very_negative,negative
pooooor app,1,Other,0.6,Engagement,0.5,negative,negative Other review,fallback_classification,very_negative,negative
Aesthetic,5,Other,0.6,Engagement,0.5,positive,positive Other review,fallback_classification,very_positive,positive
It's too heavy app Lags a lot in my device which has SD855+,1,Performance,0.6,User Retention,0.5,negative,negative Performance review,fallback_classification,very_negative,negative
Love you RE,5,Other,0.6,Engagement,0.5,positive,positive Other review,fallback_classification,very_positive,positive
I couldn't able to to add my personnel informations,5,Features,0.6,Engagement,0.5,positive,positive Features review,fallback_classification,very_positive,positive
"While I login to the app, it shows ""Something went wrong try after some time""",2,Bugs,0.6,User Retention,0.5,negative,negative Bugs review,fallback_classification,negative,negative
"No accessories available in Rohan motors bijapur,",1,Security,0.6,Brand Trust,0.5,negative,negative Security review,fallback_classification,very_negative,negative
"Plz optimize the app properly, plz make sure that it's stable in mobiles 😤",1,Other,0.6,Engagement,0.5,negative,negative Other review,fallback_classification,very_negative,negative
Bad app behaviour...,1,Other,0.6,Engagement,0.5,negative,negative Other review,fallback_classification,very_negative,negative
"Itshow addy address and after finished it shows something went wrong try again later, i cant able to",1,Features,0.6,Engagement,0.5,negative,negative Features review,fallback_classification,very_negative,negative
Very bad service by royal Enfield apparels . Almost one month initiated a return till now not rrecei,1,Billing,0.6,Revenue,0.5,negative,negative Billing review,fallback_classification,very_negative,negative
Disconnection problem everytime it disconnects we have to stop bike and reconnect,2,Bugs,0.6,User Retention,0.5,negative,negative Bugs review,fallback_classification,negative,negative
Not able to add user information as the phone number tab is not enabled. Not able to look at the app,1,UI/UX,0.6,Engagement,0.5,negative,negative UI/UX review,fallback_classification,very_negative,negative
Itna slow app.. How many years you need to improve it... 🤦 Itna lag kartha h... Wait karthe karthe b,1,Performance,0.6,User Retention,0.5,negative,negative Performance review,fallback_classification,very_negative,negative
Unable to book service and unable see service recirds,1,Customer_Support,0.6,Brand Trust,0.5,negative,negative Customer_Support review,fallback_classification,very_negative,negative
Very blady apps hai ye,1,Other,0.6,Engagement,0.5,negative,negative Other review,fallback_classification,very_negative,negative
App is slow because of lot of components in one app. I would recommend only navigation in seperate a,2,Performance,0.6,User Retention,0.5,negative,negative Performance review,fallback_classification,negative,negative
It's very helpful,5,Other,0.6,Engagement,0.5,positive,positive Other review,fallback_classification,very_positive,positive
After so many attempts after around 2year still I am not able to add my vehicle on this app through ,1,Features,0.6,Engagement,0.5,negative,negative Features review,fallback_classification,very_negative,negative
"Always shows ""there is a network problem""",1,Bugs,0.6,User Retention,0.5,negative,negative Bugs review,fallback_classification,very_negative,negative
Updated version is better.,4,Features,0.6,Engagement,0.5,positive,positive Features review,fallback_classification,positive,positive
"Today I'm trying open this app,,,After thousands of tries it didn't open, I uninstalled, reinstalled",1,Other,0.6,Engagement,0.5,negative,negative Other review,fallback_classification,very_negative,negative
One of the wrost road side Assistant service....just taken money on the name of road assistant,1,Billing,0.6,Revenue,0.5,negative,negative Billing review,fallback_classification,very_negative,negative
Technical team is very good. They solved that issue within one working day.,4,Bugs,0.6,User Retention,0.5,positive,positive Bugs review,fallback_classification,positive,positive
It is useful app for Navigation but it draines the battery. It heats up the phone. App response is n,3,Performance,0.6,User Retention,0.5,neutral,neutral Performance review,fallback_classification,neutral,neutral
Very glitchy experience.,1,Bugs,0.6,User Retention,0.5,negative,negative Bugs review,fallback_classification,very_negative,negative
"Unable to login even. Tried option of forgot password, still failed.",1,Security,0.6,Brand Trust,0.5,negative,negative Security review,fallback_classification,very_negative,negative
This app is in pre 2010 era. Not built thinking about end user. It's just built for name sake. Conti,1,UI/UX,0.6,Engagement,0.5,negative,negative UI/UX review,fallback_classification,very_negative,negative
You app takes 15 sec to load which is annoying...why can't you guys make it simple and reduce animat,1,Performance,0.6,User Retention,0.5,negative,negative Performance review,fallback_classification,very_negative,negative
Updated is not working,1,Bugs,0.6,User Retention,0.5,negative,negative Bugs review,fallback_classification,very_negative,negative
App is not working.... No use of tripper.. As it's developed by Google why can't they add small map ,1,Bugs,0.6,User Retention,0.5,negative,negative Bugs review,fallback_classification,very_negative,negative
Why i camt login,1,Bugs,0.6,User Retention,0.5,negative,negative Bugs review,fallback_classification,very_negative,negative
No words such a dream bike,5,Other,0.6,Engagement,0.5,positive,positive Other review,fallback_classification,very_positive,positive
Informable app,5,Other,0.6,Engagement,0.5,positive,positive Other review,fallback_classification,very_positive,positive
Happy,5,Other,0.6,Engagement,0.5,positive,positive Other review,fallback_classification,very_positive,positive
Initially the app was good with good connectivity then came the problems. At first the app navigatio,1,Bugs,0.6,User Retention,0.5,negative,negative Bugs review,fallback_classification,very_negative,negative
Not working properly it's showing error when open app update also not getting frequently,1,Bugs,0.6,User Retention,0.5,negative,negative Bugs review,fallback_classification,very_negative,negative
For the past one month it is continuously showing that there is something wrong with connection and ,1,Bugs,0.6,User Retention,0.5,negative,negative Bugs review,fallback_classification,very_negative,negative
after making complaint ..... problem solved...,5,Bugs,0.6,User Retention,0.5,positive,positive Bugs review,fallback_classification,very_positive,positive
"When you are doing something, do it properly or else just dont do it. For the sake of having app for",2,UI/UX,0.6,Engagement,0.5,negative,negative UI/UX review,fallback_classification,negative,negative
Life's biggest mistake... Buying Royal Enfield bike...,1,Other,0.6,Engagement,0.5,negative,negative Other review,fallback_classification,very_negative,negative
Stop working in between,1,Other,0.6,Engagement,0.5,negative,negative Other review,fallback_classification,very_negative,negative
Nice dealing and easy delivery,5,Customer_Support,0.6,Brand Trust,0.5,positive,positive Customer_Support review,fallback_classification,very_positive,positive
UI are not user friendly.,1,UI/UX,0.6,Engagement,0.5,negative,negative UI/UX review,fallback_classification,very_negative,negative
It doesn't shows previous service records. Smtimes reload issues are also there. Please make a propp,2,Security,0.6,Brand Trust,0.5,negative,negative Security review,fallback_classification,negative,negative
"When I opened this app, it's shows try again after some time😡",2,Other,0.6,Engagement,0.5,negative,negative Other review,fallback_classification,negative,negative
App is not opening,1,Performance,0.6,User Retention,0.5,negative,negative Performance review,fallback_classification,very_negative,negative
After the update the app won't even open..tried everything but still not opening..says something wen,3,Performance,0.6,User Retention,0.5,neutral,neutral Performance review,fallback_classification,neutral,neutral
The app hangs too much. I cannot even login to my account.,2,Performance,0.6,User Retention,0.5,negative,negative Performance review,fallback_classification,negative,negative
Thanks for solving errors now it's working without errors.,4,Bugs,0.6,User Retention,0.5,positive,positive Bugs review,fallback_classification,positive,positive
Poor app.. Too much slow & no accuracy in navigation,1,Performance,0.6,User Retention,0.5,negative,negative Performance review,fallback_classification,very_negative,negative
"My bike (scram 411) got punctured few days back. When I call for an assistant, they asked for assist",1,Billing,0.6,Revenue,0.5,negative,negative Billing review,fallback_classification,very_negative,negative
Facing very bad experience with it,1,Other,0.6,Engagement,0.5,negative,negative Other review,fallback_classification,very_negative,negative
World first worsted app Not working for service booking Not working for Navigation Total time waste ,1,Bugs,0.6,User Retention,0.5,negative,negative Bugs review,fallback_classification,very_negative,negative
Very bad,1,Other,0.6,Engagement,0.5,negative,negative Other review,fallback_classification,very_negative,negative
This is the worst app i have ever used. It works according to its own mood. Login failure happens fr,1,Billing,0.6,Revenue,0.5,negative,negative Billing review,fallback_classification,very_negative,negative
Not working properly it's comes error,1,Bugs,0.6,User Retention,0.5,negative,negative Bugs review,fallback_classification,very_negative,negative
Wrost app,2,Other,0.6,Engagement,0.5,negative,negative Other review,fallback_classification,negative,negative
I am unable to book service using this app. As it showing that vehicle is already in on a past servi,3,Customer_Support,0.6,Brand Trust,0.5,neutral,neutral Customer_Support review,fallback_classification,neutral,neutral
"Thank you for your service, I have no doub with this apps.",5,Customer_Support,0.6,Brand Trust,0.5,positive,positive Customer_Support review,fallback_classification,very_positive,positive
"Worst app++, it logged in, when i clicked onservice it logged out, tried logging in multiple times b",1,Security,0.6,Brand Trust,0.5,negative,negative Security review,fallback_classification,very_negative,negative
Road side assistance page goes blank when opened. Not a worthy one,3,Bugs,0.6,User Retention,0.5,neutral,neutral Bugs review,fallback_classification,neutral,neutral
"The app is full of bugs, slow to start or doesn't starts at all. Shows critical error and stops work",1,Performance,0.6,User Retention,0.5,negative,negative Performance review,fallback_classification,very_negative,negative
Why your delevary time is so so late.. All-time I face the same problem,2,Bugs,0.6,User Retention,0.5,negative,negative Bugs review,fallback_classification,negative,negative
App is very slow to respond... It takes so much to load....,1,Performance,0.6,User Retention,0.5,negative,negative Performance review,fallback_classification,very_negative,negative
Quality of map could be more simple,3,Features,0.6,Engagement,0.5,neutral,neutral Features review,fallback_classification,neutral,neutral
"Not reliable, intermittent, might not available when required...",1,UI/UX,0.6,Engagement,0.5,negative,negative UI/UX review,fallback_classification,very_negative,negative
"Tripper navigation is useless. Without internet, it won't work even with downloaded maps. What's the",1,Performance,0.6,User Retention,0.5,negative,negative Performance review,fallback_classification,very_negative,negative
meena joshi,5,Other,0.6,Engagement,0.5,positive,positive Other review,fallback_classification,very_positive,positive
Very good to use,4,Other,0.6,Engagement,0.5,positive,positive Other review,fallback_classification,positive,positive
I was logged out of the app multiple times during a long ride and kept losing all my way points. I g,5,Bugs,0.6,User Retention,0.5,positive,positive Bugs review,fallback_classification,very_positive,positive
Lousy App. Always crashing. Very frustrating if you try to book a service through this. The service ,1,Performance,0.6,User Retention,0.5,negative,negative Performance review,fallback_classification,very_negative,negative
Good.,5,Other,0.6,Engagement,0.5,positive,positive Other review,fallback_classification,very_positive,positive
Superb bike,5,Other,0.6,Engagement,0.5,positive,positive Other review,fallback_classification,very_positive,positive
Nice riding,4,Other,0.6,Engagement,0.5,positive,positive Other review,fallback_classification,positive,positive
It consumes alot of battery and phone gets discharged due to the battery,1,Billing,0.6,Revenue,0.5,negative,negative Billing review,fallback_classification,very_negative,negative
No use of tripper navigation just use as watch. It disconnect automatically. The accuracy of map is ,1,UI/UX,0.6,Engagement,0.5,negative,negative UI/UX review,fallback_classification,very_negative,negative
Navigation not up to the mark.,3,UI/UX,0.6,Engagement,0.5,neutral,neutral UI/UX review,fallback_classification,neutral,neutral
Not working even not accept my chasis no.,2,Bugs,0.6,User Retention,0.5,negative,negative Bugs review,fallback_classification,negative,negative
One of the worst platform to rely on for navigation. Disconnects immediately if you put your phone i,1,UI/UX,0.6,Engagement,0.5,negative,negative UI/UX review,fallback_classification,very_negative,negative
Very useful,5,Other,0.6,Engagement,0.5,positive,positive Other review,fallback_classification,very_positive,positive
It's a nice app.,5,Other,0.6,Engagement,0.5,positive,positive Other review,fallback_classification,very_positive,positive
Navigation was not working properly,3,Bugs,0.6,User Retention,0.5,neutral,neutral Bugs review,fallback_classification,neutral,neutral
Good aap,5,Other,0.6,Engagement,0.5,positive,positive Other review,fallback_classification,very_positive,positive
Not working after the update,1,Bugs,0.6,User Retention,0.5,negative,negative Bugs review,fallback_classification,very_negative,negative
Its very good we can find all inforamtion fome this app,3,Other,0.6,Engagement,0.5,neutral,neutral Other review,fallback_classification,neutral,neutral
The message showed that the app has got some updates when opened it says something went wrong try af,1,Customer_Support,0.6,Brand Trust,0.5,negative,negative Customer_Support review,fallback_classification,very_negative,negative
Excellent experience,5,Other,0.6,Engagement,0.5,positive,positive Other review,fallback_classification,very_positive,positive
To gut,5,Other,0.6,Engagement,0.5,positive,positive Other review,fallback_classification,very_positive,positive
Getting disconnected most of the times. Now its not opening even if its updated to the latest versio,1,Performance,0.6,User Retention,0.5,negative,negative Performance review,fallback_classification,very_negative,negative
It's showing error please try again later every time I open the app,1,Bugs,0.6,User Retention,0.5,negative,negative Bugs review,fallback_classification,very_negative,negative
Ranvir Prajapati classic wheelz Chhatarpur MP,5,Other,0.6,Engagement,0.5,positive,positive Other review,fallback_classification,very_positive,positive
Worst one...very very ..poor... Its irritating 😑😑😑 Not satisfied with the service,1,Customer_Support,0.6,Brand Trust,0.5,negative,negative Customer_Support review,fallback_classification,very_negative,negative
"Wow, Super",1,Other,0.6,Engagement,0.5,negative,negative Other review,fallback_classification,very_negative,negative
Simply waste 👎,1,Other,0.6,Engagement,0.5,negative,negative Other review,fallback_classification,very_negative,negative
Good to say ROYAL AND LOYAL,5,Other,0.6,Engagement,0.5,positive,positive Other review,fallback_classification,very_positive,positive
Cant open this app who make this,1,Other,0.6,Engagement,0.5,negative,negative Other review,fallback_classification,very_negative,negative
"Bloody useless tripper navigation. Doesn't sync, logs out anytime it wants. I bought the bike when t",1,Billing,0.6,Revenue,0.5,negative,negative Billing review,fallback_classification,very_negative,negative
Didn't work properly,1,Other,0.6,Engagement,0.5,negative,negative Other review,fallback_classification,very_negative,negative
Too slow and no customer care support to the place where customisation is done. More fixes needed on,1,Performance,0.6,User Retention,0.5,negative,negative Performance review,fallback_classification,very_negative,negative
"The app was never good enough and it's even worse than before. I was able to use the app, but while ",1,Other,0.6,Engagement,0.5,negative,negative Other review,fallback_classification,very_negative,negative
"13, July 2022.... Got new update today, this app disappointed me again. It still not taking/finding ",1,UI/UX,0.6,Engagement,0.5,negative,negative UI/UX review,fallback_classification,very_negative,negative
App is useless. After updating it is not even working,3,Other,0.6,Engagement,0.5,neutral,neutral Other review,fallback_classification,neutral,neutral
Not much useful....,2,Other,0.6,Engagement,0.5,negative,negative Other review,fallback_classification,negative,negative
"Getting error ""something went wrong"" App not working",1,Bugs,0.6,User Retention,0.5,negative,negative Bugs review,fallback_classification,very_negative,negative
Nice app... Just need improvemnet while using Navigation. On crossings it is very confusing.,4,UI/UX,0.6,Engagement,0.5,positive,positive UI/UX review,fallback_classification,positive,positive
Waiting to use from last two years. I have inserted my bike's chassis no two years ago still it is s,1,Customer_Support,0.6,Brand Trust,0.5,negative,negative Customer_Support review,fallback_classification,very_negative,negative
Not a work my bike device,1,Other,0.6,Engagement,0.5,negative,negative Other review,fallback_classification,very_negative,negative
Chamdi taan hai ni,1,Other,0.6,Engagement,0.5,negative,negative Other review,fallback_classification,very_negative,negative
Unable to open app after the update,3,Features,0.6,Engagement,0.5,neutral,neutral Features review,fallback_classification,neutral,neutral
Very Worst App So Many Bug First Clear then update,1,Bugs,0.6,User Retention,0.5,negative,negative Bugs review,fallback_classification,very_negative,negative
Excellent ✌,5,Other,0.6,Engagement,0.5,positive,positive Other review,fallback_classification,very_positive,positive
ഈ ആപ്പ്. നല്ല ഉപഹാരം നൽകുന്നു സംശയം നിശേഷം ഇല്ല.,5,Other,0.6,Engagement,0.5,positive,positive Other review,fallback_classification,very_positive,positive
excellent to know n use it. awesome deliverables.,5,Other,0.6,Engagement,0.5,positive,positive Other review,fallback_classification,very_positive,positive
After latest update it stop working. Lolzzz critical update... what a heading. Seriously critical up,1,Features,0.6,Engagement,0.5,negative,negative Features review,fallback_classification,very_negative,negative
App keeps on crashing,1,Performance,0.6,User Retention,0.5,negative,negative Performance review,fallback_classification,very_negative,negative
I like it,5,Other,0.6,Engagement,0.5,positive,positive Other review,fallback_classification,very_positive,positive
Please add call notification in the app,3,Features,0.6,Engagement,0.5,neutral,neutral Features review,fallback_classification,neutral,neutral
Force close while opening the app,2,Performance,0.6,User Retention,0.5,negative,negative Performance review,fallback_classification,negative,negative
Tripper navigation is bad and for himalayan the odometer is not perfect And now after update app is ,3,Bugs,0.6,User Retention,0.5,neutral,neutral Bugs review,fallback_classification,neutral,neutral
Lovly,5,Other,0.6,Engagement,0.5,positive,positive Other review,fallback_classification,very_positive,positive
Server error man,1,Bugs,0.6,User Retention,0.5,negative,negative Bugs review,fallback_classification,very_negative,negative
"If Royal Enfield is really listening then pls hire a good app developer, u could have given incoming",1,Performance,0.6,User Retention,0.5,negative,negative Performance review,fallback_classification,very_negative,negative
